https://www.minted.com/personalize/fxg/json/MIN-WB9-NBK_F_BKR?sku=MIN-WB9-NBK,500 INTERNAL_SERVER_ERROR
https://www.minted.com/personalize/fxg/json/MIN-XXI-SDA_R_FRT?sku=MIN-XXI-SDA,500 INTERNAL_SERVER_ERROR
https://www.minted.com/personalize/fxg/json/MIN-YYY-ENV_A7_FRT?sku=MIN-ZQ5-STD,500 INTERNAL_SERVER_ERROR
https://www.minted.com/personalize/fxg/json/MIN-035-ANC_B_OPEN?sku=MIN-035-ANC,500 INTERNAL_SERVER_ERROR
https://www.minted.com/personalize/fxg/json/MIN-WB9-NBK_E_FRT?sku=MIN-WB9-NBK,500 INTERNAL_SERVER_ERROR
https://www.minted.com/personalize/fxg/json/MIN-YYY-ENV_A7_FRT?sku=MIN-PQH-STD,500 INTERNAL_SERVER_ERROR
https://www.minted.com/personalize/fxg/json/MIN-XXI-SDA_G_FRT?sku=MIN-XXI-SDA,500 INTERNAL_SERVER_ERROR
https://www.minted.com/personalize/fxg/json/MIN-ZGX-PAR_E_LBL?sku=MIN-ZGX-PAR,500 INTERNAL_SERVER_ERROR
https://www.minted.com/personalize/fxg/json/MIN-XT3-NBK_A_FRT?sku=MIN-XT3-NBK,500 INTERNAL_SERVER_ERROR
https://www.minted.com/personalize/fxg/json/MIN-PY9-ENF_B_RAP?sku=MIN-PY9-ENF,500 INTERNAL_SERVER_ERROR
https://www.minted.com/personalize/fxg/json/MIN-ZGX-PAR_A_LIN?sku=MIN-ZGX-PAR,500 INTERNAL_SERVER_ERROR
https://www.minted.com/personalize/fxg/json/MIN-9J7-NBK_A_BKR?sku=MIN-9J7-NBK,500 INTERNAL_SERVER_ERROR
https://www.minted.com/personalize/fxg/json/MIN-XT3-NBK_B_BKR?sku=MIN-XT3-NBK,500 INTERNAL_SERVER_ERROR
https://www.minted.com/personalize/fxg/json/MIN-035-ANC-LIN_B?sku=MIN-035-ANC,500 INTERNAL_SERVER_ERROR
https://www.minted.com/personalize/fxg/json/MIN-ZGX-PAR_E_FRT?sku=MIN-ZGX-PAR,500 INTERNAL_SERVER_ERROR
https://www.minted.com/personalize/fxg/json/MIN-QE0-ENF_E_LIN?sku=MIN-PY9-ENF,500 INTERNAL_SERVER_ERROR
https://www.minted.com/personalize/fxg/json/MIN-OIP-PLC_B_FRT?sku=MIN-OIP-PLC,500 INTERNAL_SERVER_ERROR
https://www.minted.com/personalize/fxg/json/MIN-PY9-ENF_A_RAP?sku=MIN-PY9-ENF,500 INTERNAL_SERVER_ERROR
https://www.minted.com/personalize/fxg/json/MIN-045-CLD_A_1P?sku=MIN-045-CLD,500 INTERNAL_SERVER_ERROR
https://www.minted.com/personalize/fxg/json/MIN-045-CLD_D_2P?sku=MIN-045-CLD,500 INTERNAL_SERVER_ERROR
https://www.minted.com/personalize/fxg/json/MIN-045-CLD_C_2P?sku=MIN-045-CLD,500 INTERNAL_SERVER_ERROR
https://www.minted.com/personalize/fxg/json/MIN-9J7-NBK_B_FRT?sku=MIN-9J7-NBK,500 INTERNAL_SERVER_ERROR
https://www.minted.com/personalize/fxg/json/MIN-035-ANC_D_FRT?sku=MIN-035-ANC,500 INTERNAL_SERVER_ERROR
https://www.minted.com/personalize/fxg/json/MIN-045-CLD_A_FRT?sku=MIN-045-CLD,500 INTERNAL_SERVER_ERROR
https://www.minted.com/personalize/fxg/json/MIN-XXI-SDA_Q_FRT?sku=MIN-XXI-SDA,500 INTERNAL_SERVER_ERROR
https://www.minted.com/personalize/fxg/json/MIN-ZGX-PAR_D_FRT?sku=MIN-ZGX-PAR,500 INTERNAL_SERVER_ERROR
https://www.minted.com/personalize/fxg/json/MIN-035-ANC_C_OPEN?sku=MIN-035-ANC,500 INTERNAL_SERVER_ERROR
https://www.minted.com/personalize/fxg/json/MIN-XXI-SDA_H_FRT?sku=MIN-XXI-SDA,500 INTERNAL_SERVER_ERROR
https://www.minted.com/personalize/fxg/json/MIN-ZGX-PAR-LIN_B?sku=MIN-ZGX-PAR,500 INTERNAL_SERVER_ERROR
https://www.minted.com/personalize/fxg/json/MIN-035-ANC_C_LBL?sku=MIN-035-ANC,500 INTERNAL_SERVER_ERROR
https://www.minted.com/personalize/fxg/json/MIN-035-ANC_A_LIN?sku=MIN-035-ANC,500 INTERNAL_SERVER_ERROR
https://www.minted.com/personalize/fxg/json/MIN-XT3-NBK_C_BKR?sku=MIN-XT3-NBK,500 INTERNAL_SERVER_ERROR
https://www.minted.com/personalize/fxg/json/MIN-WB9-NBK_D_FRT?sku=MIN-WB9-NBK,500 INTERNAL_SERVER_ERROR
https://www.minted.com/personalize/fxg/json/MIN-9J7-NBK_A_FRT?sku=MIN-9J7-NBK,500 INTERNAL_SERVER_ERROR
https://www.minted.com/personalize/fxg/json/MIN-OIP-PLC_C_FRT?sku=MIN-OIP-PLC,500 INTERNAL_SERVER_ERROR
https://www.minted.com/personalize/fxg/json/MIN-ZGX-PAR_A_OPEN?sku=MIN-ZGX-PAR,500 INTERNAL_SERVER_ERROR
https://www.minted.com/personalize/fxg/json/MIN-QE0-ENF_D_LIN?sku=MIN-PY9-ENF,500 INTERNAL_SERVER_ERROR
https://www.minted.com/personalize/fxg/json/MIN-ZGX-PAR_A_RAP?sku=MIN-ZGX-PAR,500 INTERNAL_SERVER_ERROR
https://www.minted.com/personalize/fxg/json/MIN-ZGX-PAR_C_LIN?sku=MIN-ZGX-PAR,500 INTERNAL_SERVER_ERROR
https://www.minted.com/personalize/fxg/json/MIN-035-ANC_C_LIN?sku=MIN-035-ANC,500 INTERNAL_SERVER_ERROR
https://www.minted.com/personalize/fxg/json/MIN-XT3-NBK_D_FRT?sku=MIN-XT3-NBK,500 INTERNAL_SERVER_ERROR
https://www.minted.com/personalize/fxg/json/MIN-035-ANC_A_RAP?sku=MIN-035-ANC,500 INTERNAL_SERVER_ERROR
https://www.minted.com/personalize/fxg/json/MIN-ZGX-PAR_C_LBL?sku=MIN-ZGX-PAR,500 INTERNAL_SERVER_ERROR
https://www.minted.com/personalize/fxg/json/MIN-WB9-NBK_C_BKR?sku=MIN-WB9-NBK,500 INTERNAL_SERVER_ERROR
https://www.minted.com/personalize/fxg/json/MIN-035-ANC_D_OPEN?sku=MIN-035-ANC,500 INTERNAL_SERVER_ERROR
https://www.minted.com/personalize/fxg/json/MIN-WB9-NBK_D_BKR?sku=MIN-WB9-NBK,500 INTERNAL_SERVER_ERROR
https://www.minted.com/personalize/fxg/json/MIN-045-CLD_D_1P?sku=MIN-045-CLD,500 INTERNAL_SERVER_ERROR
https://www.minted.com/personalize/fxg/json/MIN-PY9-ENF_A_LBL?sku=MIN-PY9-ENF,500 INTERNAL_SERVER_ERROR
https://www.minted.com/personalize/fxg/json/MIN-ZGX-PAR_D_LIN?sku=MIN-ZGX-PAR,500 INTERNAL_SERVER_ERROR
https://www.minted.com/personalize/fxg/json/MIN-045-CLD_B_1P?sku=MIN-045-CLD,500 INTERNAL_SERVER_ERROR
https://www.minted.com/personalize/fxg/json/MIN-035-ANC_B_LIN?sku=MIN-035-ANC,500 INTERNAL_SERVER_ERROR
https://www.minted.com/personalize/fxg/json/MIN-XT3-NBK_C_FRT?sku=MIN-XT3-NBK,500 INTERNAL_SERVER_ERROR
https://www.minted.com/personalize/fxg/json/MIN-ZGX-PAR-LIN_D?sku=MIN-ZGX-PAR,500 INTERNAL_SERVER_ERROR
https://www.minted.com/personalize/fxg/json/MIN-ZGX-PAR_D_LBL?sku=MIN-ZGX-PAR,500 INTERNAL_SERVER_ERROR
https://www.minted.com/personalize/fxg/json/MIN-PY9-ENF_B_LBL?sku=MIN-PY9-ENF,500 INTERNAL_SERVER_ERROR
https://www.minted.com/personalize/fxg/json/MIN-ZGX-PAR-LIN_A?sku=MIN-ZGX-PAR,500 INTERNAL_SERVER_ERROR
https://www.minted.com/personalize/fxg/json/MIN-WB9-NBK_F_FRT?sku=MIN-WB9-NBK,500 INTERNAL_SERVER_ERROR
https://www.minted.com/personalize/fxg/json/MIN-035-ANC_D_LBL?sku=MIN-035-ANC,500 INTERNAL_SERVER_ERROR
https://www.minted.com/personalize/fxg/json/MIN-ZGX-PAR_B_LIN?sku=MIN-ZGX-PAR,500 INTERNAL_SERVER_ERROR
https://www.minted.com/personalize/fxg/json/MIN-XT3-NBK_A_BKR?sku=MIN-XT3-NBK,500 INTERNAL_SERVER_ERROR
https://www.minted.com/personalize/fxg/json/MIN-XXI-SDA_A_FRT?sku=MIN-XXI-SDA,500 INTERNAL_SERVER_ERROR
https://www.minted.com/personalize/fxg/json/MIN-035-ANC_D_LIN?sku=MIN-035-ANC,500 INTERNAL_SERVER_ERROR
https://www.minted.com/personalize/fxg/json/MIN-OIP-PLC_A_FRT?sku=MIN-OIP-PLC,500 INTERNAL_SERVER_ERROR
https://www.minted.com/personalize/fxg/json/MIN-XXI-SDA_K_FRT?sku=MIN-XXI-SDA,500 INTERNAL_SERVER_ERROR
https://www.minted.com/personalize/fxg/json/MIN-XXI-SDA_T_FRT?sku=MIN-XXI-SDA,500 INTERNAL_SERVER_ERROR
https://www.minted.com/personalize/fxg/json/MIN-YYY-ENV_A7_FRT?sku=MIN-ZGX-PAR,500 INTERNAL_SERVER_ERROR
https://www.minted.com/personalize/fxg/json/MIN-XT3-NBK_B_FRT?sku=MIN-XT3-NBK,500 INTERNAL_SERVER_ERROR
https://www.minted.com/personalize/fxg/json/MIN-PY9-ENF_D_FRT?sku=MIN-PY9-ENF,500 INTERNAL_SERVER_ERROR
https://www.minted.com/personalize/fxg/json/MIN-WB9-NBK_E_BKR?sku=MIN-WB9-NBK,500 INTERNAL_SERVER_ERROR
https://www.minted.com/personalize/fxg/json/MIN-PY9-ENF_C_OPEN?sku=MIN-PY9-ENF,500 INTERNAL_SERVER_ERROR
https://www.minted.com/personalize/fxg/json/MIN-ZGX-PAR_D_RAP?sku=MIN-ZGX-PAR,500 INTERNAL_SERVER_ERROR
https://www.minted.com/personalize/fxg/json/MIN-PY9-ENF_C_FRT?sku=MIN-PY9-ENF,500 INTERNAL_SERVER_ERROR
https://www.minted.com/personalize/fxg/json/MIN-ZGX-PAR_A_BKR?sku=MIN-ZGX-PAR,500 INTERNAL_SERVER_ERROR
https://www.minted.com/personalize/fxg/json/MIN-PY9-ENF_C_LBL?sku=MIN-PY9-ENF,500 INTERNAL_SERVER_ERROR
https://www.minted.com/personalize/fxg/json/MIN-SS9-MEN_D_FRT?sku=MIN-SS9-MEN,500 INTERNAL_SERVER_ERROR
https://www.minted.com/personalize/fxg/json/MIN-035-ANC_C_RAP?sku=MIN-035-ANC,500 INTERNAL_SERVER_ERROR
https://www.minted.com/personalize/fxg/json/MIN-SS9-MEN_C_FRT?sku=MIN-SS9-MEN,500 INTERNAL_SERVER_ERROR
https://www.minted.com/personalize/fxg/json/MIN-XXI-SDA_X_FRT?sku=MIN-XXI-SDA,500 INTERNAL_SERVER_ERROR
https://www.minted.com/personalize/fxg/json/MIN-ZGX-PAR_E_OPEN?sku=MIN-ZGX-PAR,500 INTERNAL_SERVER_ERROR
https://www.minted.com/personalize/fxg/json/MIN-035-ANC_D_RAP?sku=MIN-035-ANC,500 INTERNAL_SERVER_ERROR
https://www.minted.com/personalize/fxg/json/MIN-XXI-SDA_L_FRT?sku=MIN-XXI-SDA,500 INTERNAL_SERVER_ERROR
https://www.minted.com/personalize/fxg/json/MIN-ZGX-PAR_C_RAP?sku=MIN-ZGX-PAR,500 INTERNAL_SERVER_ERROR
https://www.minted.com/personalize/fxg/json/MIN-9J7-NBK_E_FRT?sku=MIN-9J7-NBK,500 INTERNAL_SERVER_ERROR
https://www.minted.com/personalize/fxg/json/MIN-PY9-ENF_D_LBL?sku=MIN-PY9-ENF,500 INTERNAL_SERVER_ERROR
https://www.minted.com/personalize/fxg/json/MIN-9J7-NBK_F_BKR?sku=MIN-9J7-NBK,500 INTERNAL_SERVER_ERROR
https://www.minted.com/personalize/fxg/json/MIN-ZGX-PAR_A_LBL?sku=MIN-ZGX-PAR,500 INTERNAL_SERVER_ERROR
https://www.minted.com/personalize/fxg/json/MIN-PY9-ENF_B_OPEN?sku=MIN-PY9-ENF,500 INTERNAL_SERVER_ERROR
https://www.minted.com/personalize/fxg/json/MIN-045-CLD_C_1P?sku=MIN-045-CLD,500 INTERNAL_SERVER_ERROR
https://www.minted.com/personalize/fxg/json/MIN-WB9-NBK_A_BKR?sku=MIN-WB9-NBK,500 INTERNAL_SERVER_ERROR
https://www.minted.com/personalize/fxg/json/MIN-YSG-MEN_A_FRT?sku=MIN-YSG-MEN,500 INTERNAL_SERVER_ERROR
https://www.minted.com/personalize/fxg/json/MIN-WB9-NBK_B_BKR?sku=MIN-WB9-NBK,500 INTERNAL_SERVER_ERROR
https://www.minted.com/personalize/fxg/json/MIN-035-ANC_B_RAP?sku=MIN-035-ANC,500 INTERNAL_SERVER_ERROR
https://www.minted.com/personalize/fxg/json/MIN-PY9-ENF_B_FRT?sku=MIN-PY9-ENF,500 INTERNAL_SERVER_ERROR
https://www.minted.com/personalize/fxg/json/MIN-SS9-MEN_E_FRT?sku=MIN-SS9-MEN,500 INTERNAL_SERVER_ERROR
https://www.minted.com/personalize/fxg/json/MIN-SS9-MEN_B_FRT?sku=MIN-SS9-MEN,500 INTERNAL_SERVER_ERROR
https://www.minted.com/personalize/fxg/json/MIN-ZGX-PAR_D_OPEN?sku=MIN-ZGX-PAR,500 INTERNAL_SERVER_ERROR
https://www.minted.com/personalize/fxg/json/MIN-045-CLD_A_2P?sku=MIN-045-CLD,500 INTERNAL_SERVER_ERROR
https://www.minted.com/personalize/fxg/json/MIN-045-CLD_B_2P?sku=MIN-045-CLD,500 INTERNAL_SERVER_ERROR
https://www.minted.com/personalize/fxg/json/MIN-PY9-ENF_D_OPEN?sku=MIN-PY9-ENF,500 INTERNAL_SERVER_ERROR
https://www.minted.com/personalize/fxg/json/MIN-9J7-NBK_E_BKR?sku=MIN-9J7-NBK,500 INTERNAL_SERVER_ERROR
https://www.minted.com/personalize/fxg/json/MIN-ZGX-PAR_B_LBL?sku=MIN-ZGX-PAR,500 INTERNAL_SERVER_ERROR
https://www.minted.com/personalize/fxg/json/MIN-ZGX-PAR_B_BKR?sku=MIN-ZGX-PAR,500 INTERNAL_SERVER_ERROR
https://www.minted.com/personalize/fxg/json/MIN-YYY-ENV_A7_FRT?sku=MIN-PY9-ENF,500 INTERNAL_SERVER_ERROR
https://www.minted.com/personalize/fxg/json/MIN-ZGX-PAR_E_LIN?sku=MIN-ZGX-PAR,500 INTERNAL_SERVER_ERROR
https://www.minted.com/personalize/fxg/json/MIN-XXI-SDA_W_FRT?sku=MIN-XXI-SDA,500 INTERNAL_SERVER_ERROR
https://www.minted.com/personalize/fxg/json/MIN-PY9-ENF_A_FRT?sku=MIN-PY9-ENF,500 INTERNAL_SERVER_ERROR
https://www.minted.com/personalize/fxg/json/MIN-ZGX-PAR_B_RAP?sku=MIN-ZGX-PAR,500 INTERNAL_SERVER_ERROR
https://www.minted.com/personalize/fxg/json/MIN-PY9-ENF_A_OPEN?sku=MIN-PY9-ENF,500 INTERNAL_SERVER_ERROR
https://www.minted.com/personalize/fxg/json/MIN-SS9-MEN_A_FRT?sku=MIN-SS9-MEN,500 INTERNAL_SERVER_ERROR
https://www.minted.com/personalize/fxg/json/MIN-PY9-ENF_E_LBL?sku=MIN-PY9-ENF,500 INTERNAL_SERVER_ERROR
https://www.minted.com/personalize/fxg/json/MIN-9J7-NBK_F_FRT?sku=MIN-9J7-NBK,500 INTERNAL_SERVER_ERROR
https://www.minted.com/personalize/fxg/json/MIN-SS9-MEN_F_FRT?sku=MIN-SS9-MEN,500 INTERNAL_SERVER_ERROR
https://www.minted.com/personalize/fxg/json/MIN-XXI-SDA_C_FRT?sku=MIN-XXI-SDA,500 INTERNAL_SERVER_ERROR
https://www.minted.com/personalize/fxg/json/MIN-PY9-ENF_E_RAP?sku=MIN-PY9-ENF,500 INTERNAL_SERVER_ERROR
https://www.minted.com/personalize/fxg/json/MIN-XXI-SDA_Z_FRT?sku=MIN-XXI-SDA,500 INTERNAL_SERVER_ERROR
https://www.minted.com/personalize/fxg/json/MIN-ZGX-PAR_C_FRT?sku=MIN-ZGX-PAR,500 INTERNAL_SERVER_ERROR
https://www.minted.com/personalize/fxg/json/MIN-PY9-ENF_D_RAP?sku=MIN-PY9-ENF,500 INTERNAL_SERVER_ERROR
https://www.minted.com/personalize/fxg/json/MIN-ZGX-PAR_C_OPEN?sku=MIN-ZGX-PAR,500 INTERNAL_SERVER_ERROR
https://www.minted.com/personalize/fxg/json/MIN-QE0-ENF_C_LIN?sku=MIN-PY9-ENF,500 INTERNAL_SERVER_ERROR
https://www.minted.com/personalize/fxg/json/MIN-9J7-NBK_D_BKR?sku=MIN-9J7-NBK,500 INTERNAL_SERVER_ERROR
https://www.minted.com/personalize/fxg/json/MIN-035-ANC_B_LBL?sku=MIN-035-ANC,500 INTERNAL_SERVER_ERROR
https://www.minted.com/personalize/fxg/json/MIN-XXI-SDA_E_FRT?sku=MIN-XXI-SDA,500 INTERNAL_SERVER_ERROR
https://www.minted.com/personalize/fxg/json/MIN-9J7-NBK_C_FRT?sku=MIN-9J7-NBK,500 INTERNAL_SERVER_ERROR
https://www.minted.com/personalize/fxg/json/MIN-YSG-MEN_C_FRT?sku=MIN-YSG-MEN,500 INTERNAL_SERVER_ERROR
https://www.minted.com/personalize/fxg/json/MIN-035-ANC_C_FRT?sku=MIN-035-ANC,500 INTERNAL_SERVER_ERROR
https://www.minted.com/personalize/fxg/json/MIN-PY9-ENF_E_OPEN?sku=MIN-PY9-ENF,500 INTERNAL_SERVER_ERROR
https://www.minted.com/personalize/fxg/json/MIN-WB9-NBK_B_FRT?sku=MIN-WB9-NBK,500 INTERNAL_SERVER_ERROR
https://www.minted.com/personalize/fxg/json/MIN-XXI-SDA_D_FRT?sku=MIN-XXI-SDA,500 INTERNAL_SERVER_ERROR
https://www.minted.com/personalize/fxg/json/MIN-035-ANC_B_FRT?sku=MIN-035-ANC,500 INTERNAL_SERVER_ERROR
https://www.minted.com/personalize/fxg/json/MIN-WB9-NBK_C_FRT?sku=MIN-WB9-NBK,500 INTERNAL_SERVER_ERROR
https://www.minted.com/personalize/fxg/json/MIN-ZGX-PAR_B_FRT?sku=MIN-ZGX-PAR,500 INTERNAL_SERVER_ERROR
https://www.minted.com/personalize/fxg/json/MIN-XT3-NBK_D_BKR?sku=MIN-XT3-NBK,500 INTERNAL_SERVER_ERROR
https://www.minted.com/personalize/fxg/json/MIN-9J7-NBK_C_BKR?sku=MIN-9J7-NBK,500 INTERNAL_SERVER_ERROR
https://www.minted.com/personalize/fxg/json/MIN-ZGX-PAR_E_RAP?sku=MIN-ZGX-PAR,500 INTERNAL_SERVER_ERROR
https://www.minted.com/personalize/fxg/json/MIN-YYY-ENV_A7_FRT?sku=MIN-035-ANC,500 INTERNAL_SERVER_ERROR
https://www.minted.com/personalize/fxg/json/MIN-PY9-ENF_C_RAP?sku=MIN-PY9-ENF,500 INTERNAL_SERVER_ERROR
https://www.minted.com/personalize/fxg/json/MIN-035-ANC_A_OPEN?sku=MIN-035-ANC,500 INTERNAL_SERVER_ERROR
https://www.minted.com/personalize/fxg/json/MIN-ZGX-PAR_B_OPEN?sku=MIN-ZGX-PAR,500 INTERNAL_SERVER_ERROR
https://www.minted.com/personalize/fxg/json/MIN-035-ANC_A_FRT?sku=MIN-035-ANC,500 INTERNAL_SERVER_ERROR
https://www.minted.com/personalize/fxg/json/MIN-WB9-NBK_A_FRT?sku=MIN-WB9-NBK,500 INTERNAL_SERVER_ERROR
https://www.minted.com/personalize/fxg/json/MIN-035-ANC_A_LBL?sku=MIN-035-ANC,500 INTERNAL_SERVER_ERROR
https://www.minted.com/personalize/fxg/json/MIN-QE0-ENF_A_LIN?sku=MIN-PY9-ENF,500 INTERNAL_SERVER_ERROR
https://www.minted.com/personalize/fxg/json/MIN-045-CLD_C_3P?sku=MIN-045-CLD,500 INTERNAL_SERVER_ERROR
https://www.minted.com/personalize/fxg/json/MIN-045-CLD_B_3P?sku=MIN-045-CLD,500 INTERNAL_SERVER_ERROR
https://www.minted.com/personalize/fxg/json/MIN-QE0-ENF_B_LIN?sku=MIN-PY9-ENF,500 INTERNAL_SERVER_ERROR
https://www.minted.com/personalize/fxg/json/MIN-9J7-NBK_D_FRT?sku=MIN-9J7-NBK,500 INTERNAL_SERVER_ERROR
https://www.minted.com/personalize/fxg/json/MIN-YSG-MEN_B_FRT?sku=MIN-YSG-MEN,500 INTERNAL_SERVER_ERROR
https://www.minted.com/personalize/fxg/json/MIN-9J7-NBK_B_BKR?sku=MIN-9J7-NBK,500 INTERNAL_SERVER_ERROR
https://www.minted.com/personalize/fxg/json/MIN-XXI-SDA_Y_FRT?sku=MIN-XXI-SDA,500 INTERNAL_SERVER_ERROR
https://www.minted.com/personalize/fxg/json/MIN-ZGX-PAR_A_FRT?sku=MIN-ZGX-PAR,500 INTERNAL_SERVER_ERROR
https://www.minted.com/personalize/fxg/json/MIN-045-CLD_A_3P?sku=MIN-045-CLD,500 INTERNAL_SERVER_ERROR
https://www.minted.com/personalize/fxg/json/MIN-045-CLD_A_BKR?sku=MIN-045-CLD,500 INTERNAL_SERVER_ERROR
https://www.minted.com/personalize/fxg/json/MIN-045-CLD_D_3P?sku=MIN-045-CLD,500 INTERNAL_SERVER_ERROR
