https://www.minted.com/personalize/fxg/json/MIN-XXI-SDA_R_FRT?sku=MIN-XXI-SDA,200 OK
https://www.minted.com/personalize/fxg/json/MEN-TEXT_ONLY-BKR-PA7?sku=MIN-SS9-MEN,200 OK
https://www.minted.com/personalize/fxg/json/MIN-YYY-ENV_A7_FRT?sku=MIN-PQH-STD,500 INTERNAL_SERVER_ERROR
https://www.minted.com/personalize/fxg/json/MIN-YS1-EA7_A7_OPEN?sku=MIN-035-ANC,200 OK
https://www.minted.com/personalize/fxg/json/MIN-ZQ5-STD_D_OPEN?sku=MIN-ZQ5-STD,200 OK
https://www.minted.com/personalize/fxg/json/MIN-ZGX-PAR_E_LBL?sku=MIN-ZGX-PAR,200 OK
https://www.minted.com/personalize/fxg/json/STD-1_PH_L_CAPT-BKR-LA7?sku=MIN-PQH-STD,200 OK
https://www.minted.com/personalize/fxg/json/ANC-6_PH_ONLY-BKR-LA7?sku=MIN-035-ANC,200 OK
https://www.minted.com/personalize/fxg/json/MIN-9J7-NBK_A_BKR?sku=MIN-9J7-NBK,200 OK
https://www.minted.com/personalize/fxg/json/MIN-XT3-NBK_B_BKR?sku=MIN-XT3-NBK,200 OK
https://www.minted.com/personalize/fxg/json/MEN-1_PH_STORY-BKR-PA7?sku=MIN-SS9-MEN,200 OK
https://www.minted.com/personalize/fxg/json/MIN-QE0-ENF_E_LIN?sku=MIN-PY9-ENF,500 INTERNAL_SERVER_ERROR
https://www.minted.com/personalize/fxg/json/STD-BLANK-BKR-LA7?sku=MIN-PQH-STD,200 OK
https://www.minted.com/personalize/fxg/json/MIN-045-CLD_A_1P?sku=MIN-045-CLD,200 OK
https://www.minted.com/personalize/fxg/json/MIN-754-FPC_A_FRT?sku=MIN-754-FPC,200 OK
https://www.minted.com/personalize/fxg/json/MIN-PQH-STD_A_FRT?sku=MIN-PQH-STD,200 OK
https://www.minted.com/personalize/fxg/json/MIN-XYA-ENV_A7_OPEN?sku=MIN-ZGX-PAR,200 OK
https://www.minted.com/personalize/fxg/json/ANC-3_PH_TML-BKR-LA7?sku=MIN-035-ANC,200 OK
https://www.minted.com/personalize/fxg/json/MIN-ZS8-AIF_D_BKR?sku=MIN-ZS8-AIF,200 OK
https://www.minted.com/personalize/fxg/json/MIN-ZQ5-STD_C_OPEN?sku=MIN-ZQ5-STD,200 OK
https://www.minted.com/personalize/fxg/json/MIN-XZ6-ENV_A7_RAP?sku=MIN-PQH-STD,200 OK
https://www.minted.com/personalize/fxg/json/MIN-BB0-HYC-BKR-LA7?sku=MIN-035-ANC,200 OK
https://www.minted.com/personalize/fxg/json/MIN-045-CLD_A_FRT?sku=MIN-045-CLD,200 OK
https://www.minted.com/personalize/fxg/json/MIN-DUY-HIO_B_FRT?sku=MIN-DUY-HIO,200 OK
https://www.minted.com/personalize/fxg/json/MIN-PQH-STD_D_RAP?sku=MIN-PQH-STD,200 OK
https://www.minted.com/personalize/fxg/json/MIN-034-AIO_D_BKR?sku=MIN-034-AIO,200 OK
https://www.minted.com/personalize/fxg/json/MIN-YRS-EA7_A7_OPEN?sku=MIN-ZQ5-STD,200 OK
https://www.minted.com/personalize/fxg/json/MIN-XYF-ENV_A7_OPEN?sku=MIN-PQH-STD,200 OK
https://www.minted.com/personalize/fxg/json/MIN-ZGX-PAR_A_OPEN?sku=MIN-ZGX-PAR,200 OK
https://www.minted.com/personalize/fxg/json/MIN-ZGX-PAR_C_LIN?sku=MIN-ZGX-PAR,200 OK
https://www.minted.com/personalize/fxg/json/MIN-XT3-NBK_D_FRT?sku=MIN-XT3-NBK,200 OK
https://www.minted.com/personalize/fxg/json/MIN-ZS8-AIF_H_BKR?sku=MIN-ZS8-AIF,200 OK
https://www.minted.com/personalize/fxg/json/MIN-754-FPC_E_FRT?sku=MIN-754-FPC,200 OK
https://www.minted.com/personalize/fxg/json/MIN-PQH-STD_D_LBL?sku=MIN-PQH-STD,200 OK
https://www.minted.com/personalize/fxg/json/MIN-ZQ5-STD_C_RAP?sku=MIN-ZQ5-STD,200 OK
https://www.minted.com/personalize/fxg/json/MIN-ZQ5-STD_F_OPEN?sku=MIN-ZQ5-STD,200 OK
https://www.minted.com/personalize/fxg/json/MIN-045-CLD_D_1P?sku=MIN-045-CLD,500 INTERNAL_SERVER_ERROR
https://www.minted.com/personalize/fxg/json/MIN-ZQ5-STD_F_LIN?sku=MIN-ZQ5-STD,200 OK
https://www.minted.com/personalize/fxg/json/MIN-YYY-ENV_A7_OPEN?sku=MIN-ZGX-PAR,200 OK
https://www.minted.com/personalize/fxg/json/MIN-BB3-PAR-BKR-PA7?sku=MIN-ZGX-PAR,200 OK
https://www.minted.com/personalize/fxg/json/MIN-035-ANC_B_LIN?sku=MIN-035-ANC,200 OK
https://www.minted.com/personalize/fxg/json/MIN-PQH-STD_C_LIN?sku=MIN-PQH-STD,200 OK
https://www.minted.com/personalize/fxg/json/MIN-ZGX-PAR-LIN_D?sku=MIN-ZGX-PAR,500 INTERNAL_SERVER_ERROR
https://www.minted.com/personalize/fxg/json/MIN-YSC-EA7_A7_OPEN?sku=MIN-PY9-ENF,200 OK
https://www.minted.com/personalize/fxg/json/MIN-ZGX-PAR-LIN_A?sku=MIN-ZGX-PAR,500 INTERNAL_SERVER_ERROR
https://www.minted.com/personalize/fxg/json/MIN-035-ANC_D_LBL?sku=MIN-035-ANC,200 OK
https://www.minted.com/personalize/fxg/json/MIN-GOLD-A7-LIN?sku=MIN-ZQ5-STD,200 OK
https://www.minted.com/personalize/fxg/json/MIN-ZQ5-STD_E_OPEN?sku=MIN-ZQ5-STD,200 OK
https://www.minted.com/personalize/fxg/json/MIN-W4K-EA7_A7_OPEN?sku=MIN-ZQ5-STD,200 OK
https://www.minted.com/personalize/fxg/json/MIN-A00-ENV_A7_OPEN?sku=MIN-PQH-STD,200 OK
https://www.minted.com/personalize/fxg/json/ANC-1_PH_STORY-BKR-LA7?sku=MIN-035-ANC,200 OK
https://www.minted.com/personalize/fxg/json/MIN-ZS8-AIF_B_FRT?sku=MIN-ZS8-AIF,200 OK
https://www.minted.com/personalize/fxg/json/MIN-YYY-ENV_A7_FRT?sku=MIN-ZGX-PAR,500 INTERNAL_SERVER_ERROR
https://www.minted.com/personalize/fxg/json/MIN-X2Q-HPC_A_FRT?sku=MIN-X2Q-HPC,200 OK
https://www.minted.com/personalize/fxg/json/MIN-0C4-AIO_D_BKR?sku=MIN-0C4-AIO,200 OK
https://www.minted.com/personalize/fxg/json/MIN-GOLD-A7-LIN?sku=MIN-PY9-ENF,200 OK
https://www.minted.com/personalize/fxg/json/MIN-XYB-ENV_A7_RAP?sku=MIN-ZGX-PAR,200 OK
https://www.minted.com/personalize/fxg/json/MIN-XZ6-ENV_A7_OPEN?sku=MIN-PQH-STD,200 OK
https://www.minted.com/personalize/fxg/json/MIN-WB9-NBK_E_BKR?sku=MIN-WB9-NBK,200 OK
https://www.minted.com/personalize/fxg/json/MIN-W2Z-STM_E_FRT?sku=MIN-W2Z-STM,200 OK
https://www.minted.com/personalize/fxg/json/STD-2_PH_CAPT-BKR-LA7?sku=MIN-PQH-STD,200 OK
https://www.minted.com/personalize/fxg/json/ANC-MULTI_STORY-BKR-LA7?sku=MIN-035-ANC,200 OK
https://www.minted.com/personalize/fxg/json/MIN-ZGX-PAR_D_RAP?sku=MIN-ZGX-PAR,200 OK
https://www.minted.com/personalize/fxg/json/MIN-PY9-ENF_C_LBL?sku=MIN-PY9-ENF,200 OK
https://www.minted.com/personalize/fxg/json/MIN-SS9-MEN_C_FRT?sku=MIN-SS9-MEN,200 OK
https://www.minted.com/personalize/fxg/json/MIN-XZJ-ENV_A7_OPEN?sku=MIN-PQH-STD,200 OK
https://www.minted.com/personalize/fxg/json/MIN-ZZ3-NBK-BKR-P85?sku=MIN-9J7-NBK,200 OK
https://www.minted.com/personalize/fxg/json/MIN-PQH-STD_F_FRT?sku=MIN-PQH-STD,200 OK
https://www.minted.com/personalize/fxg/json/MIN-W2Z-STM_D_FRT?sku=MIN-W2Z-STM,200 OK
https://www.minted.com/personalize/fxg/json/MIN-PY9-ENF_D_LBL?sku=MIN-PY9-ENF,200 OK
https://www.minted.com/personalize/fxg/json/MIN-ZZ2-NBK-BKR-P85?sku=MIN-WB9-NBK,200 OK
https://www.minted.com/personalize/fxg/json/MIN-YS4-EA7_A7_RAP?sku=MIN-035-ANC,200 OK
https://www.minted.com/personalize/fxg/json/MIN-PQH-STD_E_FRT?sku=MIN-PQH-STD,200 OK
https://www.minted.com/personalize/fxg/json/MIN-AA4-PAR-BKR-PA7?sku=MIN-ZGX-PAR,200 OK
https://www.minted.com/personalize/fxg/json/MIN-SS9-MEN_B_FRT?sku=MIN-SS9-MEN,200 OK
https://www.minted.com/personalize/fxg/json/MIN-ZGX-PAR_D_OPEN?sku=MIN-ZGX-PAR,200 OK
https://www.minted.com/personalize/fxg/json/MIN-ZZ1-NBK-BKR-P85?sku=MIN-WB9-NBK,200 OK
https://www.minted.com/personalize/fxg/json/MIN-045-CLD_B_2P?sku=MIN-045-CLD,500 INTERNAL_SERVER_ERROR
https://www.minted.com/personalize/fxg/json/HPC-PHOTO_RCP-BKR-LMC?sku=MIN-X2Q-HPC,200 OK
https://www.minted.com/personalize/fxg/json/MIN-PQH-STD_B_LIN?sku=MIN-PQH-STD,200 OK
https://www.minted.com/personalize/fxg/json/MIN-PY9-ENF_D_RAP?sku=MIN-PY9-ENF,200 OK
https://www.minted.com/personalize/fxg/json/STD-TEXT_DETAILS-BKR-LA7?sku=MIN-PQH-STD,200 OK
https://www.minted.com/personalize/fxg/json/MIN-YYY-ENV_A7_OPEN?sku=MIN-PQH-STD,200 OK
https://www.minted.com/personalize/fxg/json/MIN-YYT-ENV_A7_OPEN?sku=MIN-035-ANC,200 OK
https://www.minted.com/personalize/fxg/json/MIN-ZZ4-NBK-BKR-P85?sku=MIN-9J7-NBK,200 OK
https://www.minted.com/personalize/fxg/json/STD-1_PH_CAPT-BKR-PA7?sku=MIN-ZQ5-STD,200 OK
https://www.minted.com/personalize/fxg/json/MIN-XYY-ENV_A7_OPEN?sku=MIN-035-ANC,200 OK
https://www.minted.com/personalize/fxg/json/MIN-ZS8-AIF_F_FRT?sku=MIN-ZS8-AIF,200 OK
https://www.minted.com/personalize/fxg/json/MIN-ZQ5-STD_A_OPEN?sku=MIN-ZQ5-STD,200 OK
https://www.minted.com/personalize/fxg/json/MIN-W2Z-STM_A_FRT?sku=MIN-W2Z-STM,200 OK
https://www.minted.com/personalize/fxg/json/MEN-BLANK-BKR-PA7?sku=MIN-YSG-MEN,200 OK
https://www.minted.com/personalize/fxg/json/MIN-ZGX-PAR_E_RAP?sku=MIN-ZGX-PAR,200 OK
https://www.minted.com/personalize/fxg/json/ANC-3_PH_CAPT-BKR-LA7?sku=MIN-035-ANC,200 OK
https://www.minted.com/personalize/fxg/json/MIN-YYY-ENV_A7_FRT?sku=MIN-035-ANC,500 INTERNAL_SERVER_ERROR
https://www.minted.com/personalize/fxg/json/MIN-PY9-ENF_C_RAP?sku=MIN-PY9-ENF,200 OK
https://www.minted.com/personalize/fxg/json/MIN-ZGX-PAR_B_OPEN?sku=MIN-ZGX-PAR,200 OK
https://www.minted.com/personalize/fxg/json/MIN-035-ANC_A_FRT?sku=MIN-035-ANC,200 OK
https://www.minted.com/personalize/fxg/json/MIN-ZZ4-NBK-BKR-P85?sku=MIN-XT3-NBK,200 OK
https://www.minted.com/personalize/fxg/json/MIN-BB0-STD-BKR-PA7?sku=MIN-ZQ5-STD,200 OK
https://www.minted.com/personalize/fxg/json/MIN-ZS8-AIF_G_FRT?sku=MIN-ZS8-AIF,200 OK
https://www.minted.com/personalize/fxg/json/MIN-PQH-STD_B_FRT?sku=MIN-PQH-STD,200 OK
https://www.minted.com/personalize/fxg/json/MIN-YYY-000-BKR-NB5?sku=MIN-XT3-NBK,200 OK
https://www.minted.com/personalize/fxg/json/MIN-DUY-HIO_A_FRT?sku=MIN-DUY-HIO,200 OK
https://www.minted.com/personalize/fxg/json/MIN-754-FPC_B_FRT?sku=MIN-754-FPC,200 OK
https://www.minted.com/personalize/fxg/json/MIN-PQH-STD_A_LBL?sku=MIN-PQH-STD,200 OK
https://www.minted.com/personalize/fxg/json/MIN-WB9-NBK_F_BKR?sku=MIN-WB9-NBK,200 OK
https://www.minted.com/personalize/fxg/json/STD-1_PH_STORY-BKR-LA7?sku=MIN-PQH-STD,200 OK
https://www.minted.com/personalize/fxg/json/MIN-ZS8-AIF_E_BKR?sku=MIN-ZS8-AIF,200 OK
https://www.minted.com/personalize/fxg/json/MIN-PQH-STD_E_RAP?sku=MIN-PQH-STD,200 OK
https://www.minted.com/personalize/fxg/json/MIN-034-AIO_E_FRT?sku=MIN-034-AIO,200 OK
https://www.minted.com/personalize/fxg/json/MIN-PY9-ENF_B_RAP?sku=MIN-PY9-ENF,200 OK
https://www.minted.com/personalize/fxg/json/MIN-PQH-STD_C_OPEN?sku=MIN-PQH-STD,200 OK
https://www.minted.com/personalize/fxg/json/MIN-YRW-EA7_A7_OPEN?sku=MIN-PQH-STD,200 OK
https://www.minted.com/personalize/fxg/json/MIN-ZGX-PAR_E_FRT?sku=MIN-ZGX-PAR,200 OK
https://www.minted.com/personalize/fxg/json/MIN-XZ6-ENV_A7_OPEN?sku=MIN-035-ANC,200 OK
https://www.minted.com/personalize/fxg/json/MIN-ZZ3-NBK-BKR-P85?sku=MIN-XT3-NBK,200 OK
https://www.minted.com/personalize/fxg/json/MIN-ZQ5-STD_C_LIN?sku=MIN-ZQ5-STD,200 OK
https://www.minted.com/personalize/fxg/json/MIN-045-CLD_C_2P?sku=MIN-045-CLD,500 INTERNAL_SERVER_ERROR
https://www.minted.com/personalize/fxg/json/MIN-YYP-ENV_A7_OPEN?sku=MIN-ZGX-PAR,200 OK
https://www.minted.com/personalize/fxg/json/MIN-9J7-NBK_B_FRT?sku=MIN-9J7-NBK,200 OK
https://www.minted.com/personalize/fxg/json/MIN-PQH-STD_C_RAP?sku=MIN-PQH-STD,200 OK
https://www.minted.com/personalize/fxg/json/MIN-DUY-HIO_C_FRT?sku=MIN-DUY-HIO,200 OK
https://www.minted.com/personalize/fxg/json/MIN-PQH-STD_C_LBL?sku=MIN-PQH-STD,200 OK
https://www.minted.com/personalize/fxg/json/MIN-XZM-ENV_A7_OPEN?sku=MIN-PQH-STD,200 OK
https://www.minted.com/personalize/fxg/json/MIN-ZGX-PAR-LIN_B?sku=MIN-ZGX-PAR,500 INTERNAL_SERVER_ERROR
https://www.minted.com/personalize/fxg/json/MIN-035-ANC_C_LBL?sku=MIN-035-ANC,200 OK
https://www.minted.com/personalize/fxg/json/MIN-035-ANC_A_LIN?sku=MIN-035-ANC,200 OK
https://www.minted.com/personalize/fxg/json/MIN-ZS8-AIF_C_BKR?sku=MIN-ZS8-AIF,200 OK
https://www.minted.com/personalize/fxg/json/MIN-XT3-NBK_C_BKR?sku=MIN-XT3-NBK,200 OK
https://www.minted.com/personalize/fxg/json/STD-2_PH_L_CAPT-BKR-LA7?sku=MIN-PQH-STD,200 OK
https://www.minted.com/personalize/fxg/json/MIN-YYY-ENV_A7_OPEN?sku=MIN-035-ANC,200 OK
https://www.minted.com/personalize/fxg/json/MIN-OIP-PLC_C_FRT?sku=MIN-OIP-PLC,200 OK
https://www.minted.com/personalize/fxg/json/MIN-RGOLD-A7-LIN?sku=MIN-PY9-ENF,200 OK
https://www.minted.com/personalize/fxg/json/MIN-QE0-ENF_D_LIN?sku=MIN-PY9-ENF,500 INTERNAL_SERVER_ERROR
https://www.minted.com/personalize/fxg/json/MIN-ZGX-PAR_A_RAP?sku=MIN-ZGX-PAR,200 OK
https://www.minted.com/personalize/fxg/json/ENP-TEXT_ONLY-BKR-LA7?sku=MIN-PY9-ENF,200 OK
https://www.minted.com/personalize/fxg/json/MIN-PQH-STD_F_OPEN?sku=MIN-PQH-STD,200 OK
https://www.minted.com/personalize/fxg/json/MIN-035-ANC_C_LIN?sku=MIN-035-ANC,200 OK
https://www.minted.com/personalize/fxg/json/MIN-XZY-ENV_A7_OPEN?sku=MIN-035-ANC,200 OK
https://www.minted.com/personalize/fxg/json/STD-2_PH_P_CAPT-BKR-LA7?sku=MIN-PQH-STD,200 OK
https://www.minted.com/personalize/fxg/json/MIN-ZQ5-STD_E_LIN?sku=MIN-ZQ5-STD,200 OK
https://www.minted.com/personalize/fxg/json/STD-MULTI_STORY-BKR-LA7?sku=MIN-PQH-STD,200 OK
https://www.minted.com/personalize/fxg/json/MIN-035-ANC_D_OPEN?sku=MIN-035-ANC,200 OK
https://www.minted.com/personalize/fxg/json/MIN-WB9-NBK_D_BKR?sku=MIN-WB9-NBK,200 OK
https://www.minted.com/personalize/fxg/json/ANC-1_PH_CAPT-BKR-LA7?sku=MIN-035-ANC,200 OK
https://www.minted.com/personalize/fxg/json/MIN-XYF-ENV_A7_OPEN?sku=MIN-035-ANC,200 OK
https://www.minted.com/personalize/fxg/json/STD-TEXT_ONLY-BKR-LA7?sku=MIN-PQH-STD,200 OK
https://www.minted.com/personalize/fxg/json/MIN-XYL-ENV_A7_RAP?sku=MIN-PQH-STD,200 OK
https://www.minted.com/personalize/fxg/json/MIN-XX9-ENV_A7_OPEN?sku=MIN-PQH-STD,200 OK
https://www.minted.com/personalize/fxg/json/MIN-ZQ5-STD_A_FRT?sku=MIN-ZQ5-STD,200 OK
https://www.minted.com/personalize/fxg/json/MIN-ZZ2-NBK-BKR-P85?sku=MIN-9J7-NBK,200 OK
https://www.minted.com/personalize/fxg/json/MIN-PQH-STD_E_LBL?sku=MIN-PQH-STD,200 OK
https://www.minted.com/personalize/fxg/json/MIN-PY9-ENF_B_LBL?sku=MIN-PY9-ENF,200 OK
https://www.minted.com/personalize/fxg/json/MIN-XT3-NBK_A_BKR?sku=MIN-XT3-NBK,200 OK
https://www.minted.com/personalize/fxg/json/ENP-1_PH_CAPT-BKR-LA7?sku=MIN-PY9-ENF,200 OK
https://www.minted.com/personalize/fxg/json/MIN-XXI-SDA_A_FRT?sku=MIN-XXI-SDA,200 OK
https://www.minted.com/personalize/fxg/json/MIN-OIP-PLC_A_FRT?sku=MIN-OIP-PLC,200 OK
https://www.minted.com/personalize/fxg/json/MIN-ZS8-AIF_A_BKR?sku=MIN-ZS8-AIF,200 OK
https://www.minted.com/personalize/fxg/json/MIN-PY9-ENF_D_FRT?sku=MIN-PY9-ENF,200 OK
https://www.minted.com/personalize/fxg/json/MIN-PQH-STD_A_RAP?sku=MIN-PQH-STD,200 OK
https://www.minted.com/personalize/fxg/json/STD-3_PH_CAPT-BKR-PA7?sku=MIN-ZQ5-STD,200 OK
https://www.minted.com/personalize/fxg/json/ANC-2_PH_ONLY-BKR-LA7?sku=MIN-035-ANC,200 OK
https://www.minted.com/personalize/fxg/json/STD-FULL_STORY-INT-LA7?sku=MIN-PQH-STD,200 OK
https://www.minted.com/personalize/fxg/json/MIN-ZZ1-NBK-BKR-P85?sku=MIN-XT3-NBK,200 OK
https://www.minted.com/personalize/fxg/json/MIN-0C4-AIO_E_FRT?sku=MIN-0C4-AIO,200 OK
https://www.minted.com/personalize/fxg/json/MIN-SS9-MEN_D_FRT?sku=MIN-SS9-MEN,200 OK
https://www.minted.com/personalize/fxg/json/MIN-035-ANC_C_RAP?sku=MIN-035-ANC,200 OK
https://www.minted.com/personalize/fxg/json/MIN-ZQ5-STD_C_FRT?sku=MIN-ZQ5-STD,200 OK
https://www.minted.com/personalize/fxg/json/MIN-ZQ5-STD_C_LBL?sku=MIN-ZQ5-STD,200 OK
https://www.minted.com/personalize/fxg/json/MIN-XXI-SDA_X_FRT?sku=MIN-XXI-SDA,200 OK
https://www.minted.com/personalize/fxg/json/MIN-XYY-ENV_A7_OPEN?sku=MIN-ZQ5-STD,200 OK
https://www.minted.com/personalize/fxg/json/MIN-X2Q-HPC_B_FRT?sku=MIN-X2Q-HPC,200 OK
https://www.minted.com/personalize/fxg/json/MIN-ZGX-PAR_A_LBL?sku=MIN-ZGX-PAR,200 OK
https://www.minted.com/personalize/fxg/json/MIN-YSG-MEN_A_FRT?sku=MIN-YSG-MEN,200 OK
https://www.minted.com/personalize/fxg/json/MIN-WB9-NBK_B_BKR?sku=MIN-WB9-NBK,200 OK
https://www.minted.com/personalize/fxg/json/MIN-ZQ5-STD_A_LBL?sku=MIN-ZQ5-STD,200 OK
https://www.minted.com/personalize/fxg/json/MIN-PY9-ENF_B_FRT?sku=MIN-PY9-ENF,200 OK
https://www.minted.com/personalize/fxg/json/MIN-RGOLD-A7-LIN?sku=MIN-PQH-STD,200 OK
https://www.minted.com/personalize/fxg/json/MIN-9J7-NBK_E_BKR?sku=MIN-9J7-NBK,200 OK
https://www.minted.com/personalize/fxg/json/MIN-YYY-ENV_A7_RAP?sku=MIN-035-ANC,200 OK
https://www.minted.com/personalize/fxg/json/MIN-ZGX-PAR_B_BKR?sku=MIN-ZGX-PAR,200 OK
https://www.minted.com/personalize/fxg/json/MIN-0C4-AIO_C_FRT?sku=MIN-0C4-AIO,200 OK
https://www.minted.com/personalize/fxg/json/MIN-034-AIO_A_FRT?sku=MIN-034-AIO,200 OK
https://www.minted.com/personalize/fxg/json/STD-1_PH_L_CAPT-BKR-PA7?sku=MIN-ZQ5-STD,200 OK
https://www.minted.com/personalize/fxg/json/MIN-SILV-A7-LIN?sku=MIN-ZQ5-STD,200 OK
https://www.minted.com/personalize/fxg/json/MIN-9J7-NBK_F_FRT?sku=MIN-9J7-NBK,200 OK
https://www.minted.com/personalize/fxg/json/MIN-DUY-HIO_F_BKR?sku=MIN-DUY-HIO,200 OK
https://www.minted.com/personalize/fxg/json/MIN-SS9-MEN_F_FRT?sku=MIN-SS9-MEN,200 OK
https://www.minted.com/personalize/fxg/json/MIN-XXI-SDA_C_FRT?sku=MIN-XXI-SDA,200 OK
https://www.minted.com/personalize/fxg/json/MIN-XXI-SDA_Z_FRT?sku=MIN-XXI-SDA,200 OK
https://www.minted.com/personalize/fxg/json/ENP-3_PH_CAPT-BKR-LA7?sku=MIN-PY9-ENF,200 OK
https://www.minted.com/personalize/fxg/json/MIN-ZQ5-STD_E_LBL?sku=MIN-ZQ5-STD,200 OK
https://www.minted.com/personalize/fxg/json/MIN-X2Q-HPC_D_FRT?sku=MIN-X2Q-HPC,200 OK
https://www.minted.com/personalize/fxg/json/MIN-ZGX-PAR_C_FRT?sku=MIN-ZGX-PAR,200 OK
https://www.minted.com/personalize/fxg/json/MIN-ZGX-PAR_C_OPEN?sku=MIN-ZGX-PAR,200 OK
https://www.minted.com/personalize/fxg/json/MIN-ZQ5-STD_E_FRT?sku=MIN-ZQ5-STD,200 OK
https://www.minted.com/personalize/fxg/json/MIN-XXI-SDA_E_FRT?sku=MIN-XXI-SDA,200 OK
https://www.minted.com/personalize/fxg/json/MIN-YSG-MEN_C_FRT?sku=MIN-YSG-MEN,200 OK
https://www.minted.com/personalize/fxg/json/MIN-A02-ENV_A7_OPEN?sku=MIN-PQH-STD,200 OK
https://www.minted.com/personalize/fxg/json/MIN-XZ6-ENV_A7_OPEN?sku=MIN-ZGX-PAR,200 OK
https://www.minted.com/personalize/fxg/json/MIN-ZQ5-STD_A_LIN?sku=MIN-ZQ5-STD,200 OK
https://www.minted.com/personalize/fxg/json/MIN-WB9-NBK_C_FRT?sku=MIN-WB9-NBK,200 OK
https://www.minted.com/personalize/fxg/json/MIN-9J7-NBK_C_BKR?sku=MIN-9J7-NBK,200 OK
https://www.minted.com/personalize/fxg/json/MIN-DUY-HIO_E_FRT?sku=MIN-DUY-HIO,200 OK
https://www.minted.com/personalize/fxg/json/MIN-YYS-ENV_A7_OPEN?sku=MIN-PQH-STD,200 OK
https://www.minted.com/personalize/fxg/json/MIN-034-AIO_B_BKR?sku=MIN-034-AIO,200 OK
https://www.minted.com/personalize/fxg/json/MIN-035-ANC_A_OPEN?sku=MIN-035-ANC,200 OK
https://www.minted.com/personalize/fxg/json/MIN-XZY-ENV_A7_OPEN?sku=MIN-ZQ5-STD,200 OK
https://www.minted.com/personalize/fxg/json/MIN-ZZ6-NBK-BKR-P85?sku=MIN-WB9-NBK,200 OK
https://www.minted.com/personalize/fxg/json/MIN-WB9-NBK_A_FRT?sku=MIN-WB9-NBK,200 OK
https://www.minted.com/personalize/fxg/json/STD-2_PH_P_CAPT-BKR-PA7?sku=MIN-ZQ5-STD,200 OK
https://www.minted.com/personalize/fxg/json/MIN-YYC-ENV_A7_RAP?sku=MIN-ZGX-PAR,200 OK
https://www.minted.com/personalize/fxg/json/MIN-YRU-EA7_A7_OPEN?sku=MIN-PQH-STD,200 OK
https://www.minted.com/personalize/fxg/json/MIN-045-CLD_B_3P?sku=MIN-045-CLD,500 INTERNAL_SERVER_ERROR
https://www.minted.com/personalize/fxg/json/MIN-QE0-ENF_B_LIN?sku=MIN-PY9-ENF,500 INTERNAL_SERVER_ERROR
https://www.minted.com/personalize/fxg/json/MIN-9J7-NBK_D_FRT?sku=MIN-9J7-NBK,200 OK
https://www.minted.com/personalize/fxg/json/MIN-DUY-HIO_D_BKR?sku=MIN-DUY-HIO,200 OK
https://www.minted.com/personalize/fxg/json/MIN-XYB-ENV_A7_OPEN?sku=MIN-PY9-ENF,200 OK
https://www.minted.com/personalize/fxg/json/MIN-034-AIO_C_FRT?sku=MIN-034-AIO,200 OK
https://www.minted.com/personalize/fxg/json/MIN-0C4-AIO_A_FRT?sku=MIN-0C4-AIO,200 OK
https://www.minted.com/personalize/fxg/json/MIN-XY7-ENV_A7_OPEN?sku=MIN-PQH-STD,200 OK
https://www.minted.com/personalize/fxg/json/MIN-ZGX-PAR_A_FRT?sku=MIN-ZGX-PAR,200 OK
https://www.minted.com/personalize/fxg/json/MIN-045-CLD_D_3P?sku=MIN-045-CLD,500 INTERNAL_SERVER_ERROR
https://www.minted.com/personalize/fxg/json/MIN-XYB-ENV_A7_OPEN?sku=MIN-PQH-STD,200 OK
https://www.minted.com/personalize/fxg/json/MIN-XYY-ENV_A7_RAP?sku=MIN-ZQ5-STD,200 OK
https://www.minted.com/personalize/fxg/json/MIN-ZQ5-STD_B_OPEN?sku=MIN-ZQ5-STD,200 OK
https://www.minted.com/personalize/fxg/json/STD-TEXT_ONLY-BKR-PA7?sku=MIN-ZQ5-STD,200 OK
https://www.minted.com/personalize/fxg/json/MIN-ZS8-AIF_D_FRT?sku=MIN-ZS8-AIF,200 OK
https://www.minted.com/personalize/fxg/json/MIN-YYY-ENV_A7_FRT?sku=MIN-ZQ5-STD,500 INTERNAL_SERVER_ERROR
https://www.minted.com/personalize/fxg/json/MIN-WB9-NBK_E_FRT?sku=MIN-WB9-NBK,200 OK
https://www.minted.com/personalize/fxg/json/MIN-ZZ4-NBK-BKR-P85?sku=MIN-WB9-NBK,200 OK
https://www.minted.com/personalize/fxg/json/MIN-DUY-HIO_B_BKR?sku=MIN-DUY-HIO,200 OK
https://www.minted.com/personalize/fxg/json/MIN-XXI-SDA_G_FRT?sku=MIN-XXI-SDA,200 OK
https://www.minted.com/personalize/fxg/json/MEN-FULL_PH_ONLY-BKR-PA7?sku=MIN-YSG-MEN,200 OK
https://www.minted.com/personalize/fxg/json/MIN-ZGX-PAR_A_LIN?sku=MIN-ZGX-PAR,200 OK
https://www.minted.com/personalize/fxg/json/ENP-BLANK-BKR-LA7?sku=MIN-PY9-ENF,200 OK
https://www.minted.com/personalize/fxg/json/MIN-034-AIO_D_FRT?sku=MIN-034-AIO,200 OK
https://www.minted.com/personalize/fxg/json/MIN-035-ANC-LIN_B?sku=MIN-035-ANC,500 INTERNAL_SERVER_ERROR
https://www.minted.com/personalize/fxg/json/MIN-OIP-PLC_B_FRT?sku=MIN-OIP-PLC,200 OK
https://www.minted.com/personalize/fxg/json/MIN-PY9-ENF_A_RAP?sku=MIN-PY9-ENF,200 OK
https://www.minted.com/personalize/fxg/json/MIN-RGOLD-A7-LIN?sku=MIN-035-ANC,200 OK
https://www.minted.com/personalize/fxg/json/MIN-PQH-STD_B_LBL?sku=MIN-PQH-STD,200 OK
https://www.minted.com/personalize/fxg/json/HPC-TEXT_ONLY_RCP-BKR-PMC?sku=MIN-754-FPC,200 OK
https://www.minted.com/personalize/fxg/json/MIN-045-CLD_D_2P?sku=MIN-045-CLD,500 INTERNAL_SERVER_ERROR
https://www.minted.com/personalize/fxg/json/MIN-YY2-000-BKR-PA7?sku=MIN-ZGX-PAR,200 OK
https://www.minted.com/personalize/fxg/json/MIN-0C4-AIO_B_BKR?sku=MIN-0C4-AIO,200 OK
https://www.minted.com/personalize/fxg/json/MIN-ZQ5-STD_D_LIN?sku=MIN-ZQ5-STD,200 OK
https://www.minted.com/personalize/fxg/json/STD-6_PH_ONLY-BKR-PA7?sku=MIN-ZQ5-STD,200 OK
https://www.minted.com/personalize/fxg/json/MIN-ZGX-PAR_D_FRT?sku=MIN-ZGX-PAR,200 OK
https://www.minted.com/personalize/fxg/json/MIN-QE0-ENF-LIN_A?sku=MIN-PY9-ENF,500 INTERNAL_SERVER_ERROR
https://www.minted.com/personalize/fxg/json/MIN-ZZ1-NBK-BKR-P85?sku=MIN-9J7-NBK,200 OK
https://www.minted.com/personalize/fxg/json/MIN-YRV-EA7_A7_OPEN?sku=MIN-ZQ5-STD,200 OK
https://www.minted.com/personalize/fxg/json/MIN-ZQ5-STD_A_RAP?sku=MIN-ZQ5-STD,200 OK
https://www.minted.com/personalize/fxg/json/MIN-9J7-NBK_A_FRT?sku=MIN-9J7-NBK,200 OK
https://www.minted.com/personalize/fxg/json/MIN-YYT-ENV_A7_OPEN?sku=MIN-ZQ5-STD,200 OK
https://www.minted.com/personalize/fxg/json/MIN-ZQ5-STD_F_LBL?sku=MIN-ZQ5-STD,200 OK
https://www.minted.com/personalize/fxg/json/MIN-PQH-STD_B_RAP?sku=MIN-PQH-STD,200 OK
https://www.minted.com/personalize/fxg/json/MIN-66I-EA7_A7_RAP?sku=MIN-ZGX-PAR,200 OK
https://www.minted.com/personalize/fxg/json/MIN-035-ANC_A_RAP?sku=MIN-035-ANC,200 OK
https://www.minted.com/personalize/fxg/json/MIN-ZGX-PAR_C_LBL?sku=MIN-ZGX-PAR,200 OK
https://www.minted.com/personalize/fxg/json/MIN-ZZ2-NBK-BKR-P85?sku=MIN-XT3-NBK,200 OK
https://www.minted.com/personalize/fxg/json/STD-3_PH_TML-BKR-PA7?sku=MIN-ZQ5-STD,200 OK
https://www.minted.com/personalize/fxg/json/MIN-YRN-EA7_A7_OPEN?sku=MIN-PQH-STD,200 OK
https://www.minted.com/personalize/fxg/json/MIN-ZS8-AIF_B_BKR?sku=MIN-ZS8-AIF,200 OK
https://www.minted.com/personalize/fxg/json/MIN-WB9-NBK_C_BKR?sku=MIN-WB9-NBK,200 OK
https://www.minted.com/personalize/fxg/json/MIN-PQH-STD_E_LIN?sku=MIN-PQH-STD,200 OK
https://www.minted.com/personalize/fxg/json/MIN-PY9-ENF_A_LBL?sku=MIN-PY9-ENF,200 OK
https://www.minted.com/personalize/fxg/json/MEN-BLANK-BKR-PA7?sku=MIN-SS9-MEN,200 OK
https://www.minted.com/personalize/fxg/json/MIN-YYY-000-BKR-PA7?sku=MIN-ZGX-PAR,200 OK
https://www.minted.com/personalize/fxg/json/MIN-035-ANC_D_LIN?sku=MIN-035-ANC,200 OK
https://www.minted.com/personalize/fxg/json/MIN-XXI-SDA_K_FRT?sku=MIN-XXI-SDA,200 OK
https://www.minted.com/personalize/fxg/json/MIN-BB0-MEN-BKR-PA7?sku=MIN-SS9-MEN,200 OK
https://www.minted.com/personalize/fxg/json/MIN-XXI-SDA_T_FRT?sku=MIN-XXI-SDA,200 OK
https://www.minted.com/personalize/fxg/json/STD-1_PH_P_CAPT-BKR-PA7?sku=MIN-ZQ5-STD,200 OK
https://www.minted.com/personalize/fxg/json/MIN-XT3-NBK_B_FRT?sku=MIN-XT3-NBK,200 OK
https://www.minted.com/personalize/fxg/json/HPC-TEXT_ONLY_RCP-BKR-LMC?sku=MIN-X2Q-HPC,200 OK
https://www.minted.com/personalize/fxg/json/MIN-PQH-STD_F_LBL?sku=MIN-PQH-STD,200 OK
https://www.minted.com/personalize/fxg/json/MIN-GOLD-A7-LIN?sku=MIN-PQH-STD,200 OK
https://www.minted.com/personalize/fxg/json/MIN-XYC-ENV_A7_OPEN?sku=MIN-ZGX-PAR,200 OK
https://www.minted.com/personalize/fxg/json/ENP-3_PH_TML-BKR-LA7?sku=MIN-PY9-ENF,200 OK
https://www.minted.com/personalize/fxg/json/MIN-XYR-ENV_A7_RAP?sku=MIN-ZQ5-STD,200 OK
https://www.minted.com/personalize/fxg/json/MIN-ZQ5-STD_F_RAP?sku=MIN-ZQ5-STD,200 OK
https://www.minted.com/personalize/fxg/json/MIN-XYI-ENV_A7_RAP?sku=MIN-PQH-STD,200 OK
https://www.minted.com/personalize/fxg/json/MIN-PY9-ENF_C_OPEN?sku=MIN-PY9-ENF,200 OK
https://www.minted.com/personalize/fxg/json/MIN-PQH-STD_A_LIN?sku=MIN-PQH-STD,200 OK
https://www.minted.com/personalize/fxg/json/ENP-FULL_PH_TEXT-BKR-LA7?sku=MIN-PY9-ENF,200 OK
https://www.minted.com/personalize/fxg/json/MIN-XXI-SDA_L_FRT?sku=MIN-XXI-SDA,200 OK
https://www.minted.com/personalize/fxg/json/MIN-ZGX-PAR_C_RAP?sku=MIN-ZGX-PAR,200 OK
https://www.minted.com/personalize/fxg/json/MIN-GOLD-A7-LIN?sku=MIN-035-ANC,200 OK
https://www.minted.com/personalize/fxg/json/MIN-PY9-ENF_B_OPEN?sku=MIN-PY9-ENF,200 OK
https://www.minted.com/personalize/fxg/json/MIN-YRO-EA7_A7_OPEN?sku=MIN-PQH-STD,200 OK
https://www.minted.com/personalize/fxg/json/MIN-045-CLD_C_1P?sku=MIN-045-CLD,500 INTERNAL_SERVER_ERROR
https://www.minted.com/personalize/fxg/json/MIN-ZQ5-STD_E_RAP?sku=MIN-ZQ5-STD,200 OK
https://www.minted.com/personalize/fxg/json/MIN-ZS8-AIF_H_FRT?sku=MIN-ZS8-AIF,200 OK
https://www.minted.com/personalize/fxg/json/MIN-W2Z-STM_C_FRT?sku=MIN-W2Z-STM,200 OK
https://www.minted.com/personalize/fxg/json/MEN-1_PH_STORY-BKR-PA7?sku=MIN-YSG-MEN,200 OK
https://www.minted.com/personalize/fxg/json/MIN-YYW-ENV_A7_OPEN?sku=MIN-PQH-STD,200 OK
https://www.minted.com/personalize/fxg/json/STD-MAP-BKR-LA7?sku=MIN-PQH-STD,200 OK
https://www.minted.com/personalize/fxg/json/MIN-045-CLD_A_2P?sku=MIN-045-CLD,500 INTERNAL_SERVER_ERROR
https://www.minted.com/personalize/fxg/json/MIN-XYI-ENV_A7_OPEN?sku=MIN-PQH-STD,200 OK
https://www.minted.com/personalize/fxg/json/MIN-ZGX-PAR_E_LIN?sku=MIN-ZGX-PAR,200 OK
https://www.minted.com/personalize/fxg/json/STD-1_PH_CAPT-BKR-LA7?sku=MIN-PQH-STD,200 OK
https://www.minted.com/personalize/fxg/json/MIN-ZGX-PAR_B_RAP?sku=MIN-ZGX-PAR,200 OK
https://www.minted.com/personalize/fxg/json/MIN-SS9-MEN_A_FRT?sku=MIN-SS9-MEN,200 OK
https://www.minted.com/personalize/fxg/json/MIN-PY9-ENF_E_LBL?sku=MIN-PY9-ENF,200 OK
https://www.minted.com/personalize/fxg/json/MIN-PY9-ENF_E_RAP?sku=MIN-PY9-ENF,200 OK
https://www.minted.com/personalize/fxg/json/STD-BLANK-BKR-PA7?sku=MIN-ZQ5-STD,200 OK
https://www.minted.com/personalize/fxg/json/MIN-035-ANC_B_LBL?sku=MIN-035-ANC,200 OK
https://www.minted.com/personalize/fxg/json/MIN-W2Z-STM_B_FRT?sku=MIN-W2Z-STM,200 OK
https://www.minted.com/personalize/fxg/json/MIN-YYY-ENV_A7_OPEN?sku=MIN-ZQ5-STD,200 OK
https://www.minted.com/personalize/fxg/json/MIN-PQH-STD_D_FRT?sku=MIN-PQH-STD,200 OK
https://www.minted.com/personalize/fxg/json/MIN-XYQ-ENV_A7_OPEN?sku=MIN-PY9-ENF,200 OK
https://www.minted.com/personalize/fxg/json/MIN-035-ANC_C_FRT?sku=MIN-035-ANC,200 OK
https://www.minted.com/personalize/fxg/json/MIN-PY9-ENF_E_OPEN?sku=MIN-PY9-ENF,200 OK
https://www.minted.com/personalize/fxg/json/MIN-035-ANC_B_FRT?sku=MIN-035-ANC,200 OK
https://www.minted.com/personalize/fxg/json/MIN-PQH-STD_C_FRT?sku=MIN-PQH-STD,200 OK
https://www.minted.com/personalize/fxg/json/MIN-035-ANC_A_LBL?sku=MIN-035-ANC,200 OK
https://www.minted.com/personalize/fxg/json/MIN-754-FPC_C_FRT?sku=MIN-754-FPC,200 OK
https://www.minted.com/personalize/fxg/json/STD-3_PH_CAPT-BKR-LA7?sku=MIN-PQH-STD,200 OK
https://www.minted.com/personalize/fxg/json/MIN-ZS8-AIF_F_BKR?sku=MIN-ZS8-AIF,200 OK
https://www.minted.com/personalize/fxg/json/MIN-YYC-ENV_A7_OPEN?sku=MIN-PQH-STD,200 OK
https://www.minted.com/personalize/fxg/json/STD-FULL_PH_TEXT-BKR-LA7?sku=MIN-PQH-STD,200 OK
https://www.minted.com/personalize/fxg/json/MIN-PQH-STD_D_OPEN?sku=MIN-PQH-STD,200 OK
https://www.minted.com/personalize/fxg/json/MIN-045-CLD_A_BKR?sku=MIN-045-CLD,200 OK
https://www.minted.com/personalize/fxg/json/MIN-035-ANC_B_OPEN?sku=MIN-035-ANC,200 OK
https://www.minted.com/personalize/fxg/json/MIN-XZW-ENV_A7_OPEN?sku=MIN-PQH-STD,200 OK
https://www.minted.com/personalize/fxg/json/MIN-YRW-EA7_A7_OPEN?sku=MIN-ZQ5-STD,200 OK
https://www.minted.com/personalize/fxg/json/MIN-0C4-AIO_A_BKR?sku=MIN-0C4-AIO,200 OK
https://www.minted.com/personalize/fxg/json/MIN-XT3-NBK_A_FRT?sku=MIN-XT3-NBK,200 OK
https://www.minted.com/personalize/fxg/json/ANC-BLANK-BKR-LA7?sku=MIN-035-ANC,200 OK
https://www.minted.com/personalize/fxg/json/MIN-XYB-ENV_A7_OPEN?sku=MIN-ZQ5-STD,200 OK
https://www.minted.com/personalize/fxg/json/MIN-ZS8-AIF_C_FRT?sku=MIN-ZS8-AIF,200 OK
https://www.minted.com/personalize/fxg/json/STD-FULL_PH_TEXT-BKR-PA7?sku=MIN-ZQ5-STD,200 OK
https://www.minted.com/personalize/fxg/json/STD-2_PH_CAPT-BKR-PA7?sku=MIN-ZQ5-STD,200 OK
https://www.minted.com/personalize/fxg/json/MIN-YYY-000-BKR-NB5?sku=MIN-9J7-NBK,200 OK
https://www.minted.com/personalize/fxg/json/MIN-ZQ5-STD_B_RAP?sku=MIN-ZQ5-STD,200 OK
https://www.minted.com/personalize/fxg/json/MIN-035-ANC_D_FRT?sku=MIN-035-ANC,200 OK
https://www.minted.com/personalize/fxg/json/MIN-PQH-STD_B_OPEN?sku=MIN-PQH-STD,200 OK
https://www.minted.com/personalize/fxg/json/MIN-ZS8-AIF_E_FRT?sku=MIN-ZS8-AIF,200 OK
https://www.minted.com/personalize/fxg/json/MIN-YYY-000-BKR-NB5?sku=MIN-WB9-NBK,200 OK
https://www.minted.com/personalize/fxg/json/MIN-BB0-MEN-BKR-PA7?sku=MIN-YSG-MEN,200 OK
https://www.minted.com/personalize/fxg/json/ENP-2_PH_CAPT-BKR-LA7?sku=MIN-PY9-ENF,200 OK
https://www.minted.com/personalize/fxg/json/MIN-034-AIO_E_BKR?sku=MIN-034-AIO,200 OK
https://www.minted.com/personalize/fxg/json/MIN-XXI-SDA_Q_FRT?sku=MIN-XXI-SDA,200 OK
https://www.minted.com/personalize/fxg/json/MIN-ZS8-AIF_G_BKR?sku=MIN-ZS8-AIF,200 OK
https://www.minted.com/personalize/fxg/json/STD-2_PH_ONLY-BKR-LA7?sku=MIN-PQH-STD,200 OK
https://www.minted.com/personalize/fxg/json/MIN-035-ANC_C_OPEN?sku=MIN-035-ANC,200 OK
https://www.minted.com/personalize/fxg/json/MIN-PQH-STD_F_LIN?sku=MIN-PQH-STD,200 OK
https://www.minted.com/personalize/fxg/json/MIN-754-FPC_D_FRT?sku=MIN-754-FPC,200 OK
https://www.minted.com/personalize/fxg/json/MIN-XXI-SDA_H_FRT?sku=MIN-XXI-SDA,200 OK
https://www.minted.com/personalize/fxg/json/STD-4_PH_CAPT-BKR-LA7?sku=MIN-PQH-STD,200 OK
https://www.minted.com/personalize/fxg/json/ANC-2_PH_CAPT-BKR-LA7?sku=MIN-035-ANC,200 OK
https://www.minted.com/personalize/fxg/json/MIN-AA1-PAR-BKR-PA7?sku=MIN-ZGX-PAR,200 OK
https://www.minted.com/personalize/fxg/json/MIN-WB9-NBK_D_FRT?sku=MIN-WB9-NBK,200 OK
https://www.minted.com/personalize/fxg/json/MIN-DUY-HIO_A_BKR?sku=MIN-DUY-HIO,200 OK
https://www.minted.com/personalize/fxg/json/MIN-PQH-STD_A_OPEN?sku=MIN-PQH-STD,200 OK
https://www.minted.com/personalize/fxg/json/MIN-PQH-STD_D_LIN?sku=MIN-PQH-STD,200 OK
https://www.minted.com/personalize/fxg/json/MIN-ZZ3-NBK-BKR-P85?sku=MIN-WB9-NBK,200 OK
https://www.minted.com/personalize/fxg/json/MIN-ZS8-AIF_A_FRT?sku=MIN-ZS8-AIF,200 OK
https://www.minted.com/personalize/fxg/json/MIN-YYY-ENV_A7_RAP?sku=MIN-PQH-STD,200 OK
https://www.minted.com/personalize/fxg/json/MIN-SILV-A7-LIN?sku=MIN-PQH-STD,200 OK
https://www.minted.com/personalize/fxg/json/STD-4_PH_CAPT-BKR-PA7?sku=MIN-ZQ5-STD,200 OK
https://www.minted.com/personalize/fxg/json/MIN-BB0-HYC-BKR-LA7?sku=MIN-PY9-ENF,200 OK
https://www.minted.com/personalize/fxg/json/MIN-ZGX-PAR_D_LIN?sku=MIN-ZGX-PAR,200 OK
https://www.minted.com/personalize/fxg/json/MIN-045-CLD_B_1P?sku=MIN-045-CLD,500 INTERNAL_SERVER_ERROR
https://www.minted.com/personalize/fxg/json/MIN-XZW-ENV_A7_OPEN?sku=MIN-PY9-ENF,200 OK
https://www.minted.com/personalize/fxg/json/MIN-0C4-AIO_C_BKR?sku=MIN-0C4-AIO,200 OK
https://www.minted.com/personalize/fxg/json/MIN-XT3-NBK_C_FRT?sku=MIN-XT3-NBK,200 OK
https://www.minted.com/personalize/fxg/json/MIN-ZGX-PAR_D_LBL?sku=MIN-ZGX-PAR,200 OK
https://www.minted.com/personalize/fxg/json/MIN-YST-EA7_A7_OPEN?sku=MIN-PY9-ENF,200 OK
https://www.minted.com/personalize/fxg/json/ANC-TEXT_ONLY-BKR-LA7?sku=MIN-035-ANC,200 OK
https://www.minted.com/personalize/fxg/json/MIN-WB9-NBK_F_FRT?sku=MIN-WB9-NBK,200 OK
https://www.minted.com/personalize/fxg/json/MIN-ZGX-PAR_B_LIN?sku=MIN-ZGX-PAR,200 OK
https://www.minted.com/personalize/fxg/json/MIN-0C4-AIO_E_BKR?sku=MIN-0C4-AIO,200 OK
https://www.minted.com/personalize/fxg/json/MIN-ZQ5-STD_D_RAP?sku=MIN-ZQ5-STD,200 OK
https://www.minted.com/personalize/fxg/json/MIN-BB0-STD-BKR-LA7?sku=MIN-PQH-STD,200 OK
https://www.minted.com/personalize/fxg/json/MIN-XYC-ENV_A7_OPEN?sku=MIN-PY9-ENF,200 OK
https://www.minted.com/personalize/fxg/json/MIN-PY9-ENF_C_FRT?sku=MIN-PY9-ENF,200 OK
https://www.minted.com/personalize/fxg/json/MIN-ZGX-PAR_A_BKR?sku=MIN-ZGX-PAR,200 OK
https://www.minted.com/personalize/fxg/json/STD-6_PH_ONLY-BKR-LA7?sku=MIN-PQH-STD,200 OK
https://www.minted.com/personalize/fxg/json/MIN-034-AIO_A_BKR?sku=MIN-034-AIO,200 OK
https://www.minted.com/personalize/fxg/json/MIN-ZGX-PAR_E_OPEN?sku=MIN-ZGX-PAR,200 OK
https://www.minted.com/personalize/fxg/json/MIN-035-ANC_D_RAP?sku=MIN-035-ANC,200 OK
https://www.minted.com/personalize/fxg/json/MIN-XZX-ENV_A7_OPEN?sku=MIN-035-ANC,200 OK
https://www.minted.com/personalize/fxg/json/MIN-9J7-NBK_E_FRT?sku=MIN-9J7-NBK,200 OK
https://www.minted.com/personalize/fxg/json/MIN-ZQ5-STD_B_LBL?sku=MIN-ZQ5-STD,200 OK
https://www.minted.com/personalize/fxg/json/MIN-9J7-NBK_F_BKR?sku=MIN-9J7-NBK,200 OK
https://www.minted.com/personalize/fxg/json/MIN-DUY-HIO_F_FRT?sku=MIN-DUY-HIO,200 OK
https://www.minted.com/personalize/fxg/json/MIN-WB9-NBK_A_BKR?sku=MIN-WB9-NBK,200 OK
https://www.minted.com/personalize/fxg/json/MIN-XZM-ENV_A7_OPEN?sku=MIN-035-ANC,200 OK
https://www.minted.com/personalize/fxg/json/MIN-BB7-PAR-BKR-PA7?sku=MIN-ZGX-PAR,200 OK
https://www.minted.com/personalize/fxg/json/MIN-035-ANC_B_RAP?sku=MIN-035-ANC,200 OK
https://www.minted.com/personalize/fxg/json/STD-PH_CAPT-BKR-LA7?sku=MIN-PQH-STD,200 OK
https://www.minted.com/personalize/fxg/json/MIN-SS9-MEN_E_FRT?sku=MIN-SS9-MEN,200 OK
https://www.minted.com/personalize/fxg/json/MIN-RGOLD-A7-LIN?sku=MIN-ZQ5-STD,200 OK
https://www.minted.com/personalize/fxg/json/MIN-PY9-ENF_D_OPEN?sku=MIN-PY9-ENF,200 OK
https://www.minted.com/personalize/fxg/json/MIN-X2Q-HPC_C_FRT?sku=MIN-X2Q-HPC,200 OK
https://www.minted.com/personalize/fxg/json/HPC-PHOTO_RCP-BKR-PMC?sku=MIN-754-FPC,200 OK
https://www.minted.com/personalize/fxg/json/MIN-0C4-AIO_D_FRT?sku=MIN-0C4-AIO,200 OK
https://www.minted.com/personalize/fxg/json/MIN-ZGX-PAR_B_LBL?sku=MIN-ZGX-PAR,200 OK
https://www.minted.com/personalize/fxg/json/MIN-YYY-ENV_A7_FRT?sku=MIN-PY9-ENF,500 INTERNAL_SERVER_ERROR
https://www.minted.com/personalize/fxg/json/MIN-YYR-ENV_A7_OPEN?sku=MIN-PQH-STD,200 OK
https://www.minted.com/personalize/fxg/json/MIN-XXI-SDA_W_FRT?sku=MIN-XXI-SDA,200 OK
https://www.minted.com/personalize/fxg/json/MIN-PY9-ENF_A_FRT?sku=MIN-PY9-ENF,200 OK
https://www.minted.com/personalize/fxg/json/MIN-PY9-ENF_A_OPEN?sku=MIN-PY9-ENF,200 OK
https://www.minted.com/personalize/fxg/json/MIN-XYY-ENV_A7_OPEN?sku=MIN-PQH-STD,200 OK
https://www.minted.com/personalize/fxg/json/MIN-XYX-ENV_A7_OPEN?sku=MIN-ZQ5-STD,200 OK
https://www.minted.com/personalize/fxg/json/MIN-YRV-EA7_A7_OPEN?sku=MIN-PQH-STD,200 OK
https://www.minted.com/personalize/fxg/json/MIN-DUY-HIO_E_BKR?sku=MIN-DUY-HIO,200 OK
https://www.minted.com/personalize/fxg/json/MIN-QE0-ENF_C_LIN?sku=MIN-PY9-ENF,500 INTERNAL_SERVER_ERROR
https://www.minted.com/personalize/fxg/json/MIN-9J7-NBK_D_BKR?sku=MIN-9J7-NBK,200 OK
https://www.minted.com/personalize/fxg/json/MIN-9J7-NBK_C_FRT?sku=MIN-9J7-NBK,200 OK
https://www.minted.com/personalize/fxg/json/MIN-XYC-ENV_A7_OPEN?sku=MIN-PQH-STD,200 OK
https://www.minted.com/personalize/fxg/json/MIN-WB9-NBK_B_FRT?sku=MIN-WB9-NBK,200 OK
https://www.minted.com/personalize/fxg/json/MIN-YYT-ENV_A7_OPEN?sku=MIN-PQH-STD,200 OK
https://www.minted.com/personalize/fxg/json/MIN-XXI-SDA_D_FRT?sku=MIN-XXI-SDA,200 OK
https://www.minted.com/personalize/fxg/json/STD-1_PH_P_CAPT-BKR-LA7?sku=MIN-PQH-STD,200 OK
https://www.minted.com/personalize/fxg/json/MIN-XZX-ENV_A7_OPEN?sku=MIN-ZQ5-STD,200 OK
https://www.minted.com/personalize/fxg/json/MIN-ZZ5-NBK-BKR-P85?sku=MIN-WB9-NBK,200 OK
https://www.minted.com/personalize/fxg/json/MIN-DUY-HIO_D_FRT?sku=MIN-DUY-HIO,200 OK
https://www.minted.com/personalize/fxg/json/MIN-034-AIO_C_BKR?sku=MIN-034-AIO,200 OK
https://www.minted.com/personalize/fxg/json/MIN-PQH-STD_E_OPEN?sku=MIN-PQH-STD,200 OK
https://www.minted.com/personalize/fxg/json/MIN-ZGX-PAR_B_FRT?sku=MIN-ZGX-PAR,200 OK
https://www.minted.com/personalize/fxg/json/MIN-0C4-AIO_B_FRT?sku=MIN-0C4-AIO,200 OK
https://www.minted.com/personalize/fxg/json/MIN-X2Q-HPC_E_FRT?sku=MIN-X2Q-HPC,200 OK
https://www.minted.com/personalize/fxg/json/MIN-XT3-NBK_D_BKR?sku=MIN-XT3-NBK,200 OK
https://www.minted.com/personalize/fxg/json/MIN-034-AIO_B_FRT?sku=MIN-034-AIO,200 OK
https://www.minted.com/personalize/fxg/json/MIN-PQH-STD_F_RAP?sku=MIN-PQH-STD,200 OK
https://www.minted.com/personalize/fxg/json/MIN-XZY-ENV_A7_OPEN?sku=MIN-PQH-STD,200 OK
https://www.minted.com/personalize/fxg/json/MIN-YSH-EA7_A7_OPEN?sku=MIN-035-ANC,200 OK
https://www.minted.com/personalize/fxg/json/MIN-QE0-ENF_A_LIN?sku=MIN-PY9-ENF,500 INTERNAL_SERVER_ERROR
https://www.minted.com/personalize/fxg/json/MIN-ZQ5-STD_D_LBL?sku=MIN-ZQ5-STD,200 OK
https://www.minted.com/personalize/fxg/json/MIN-XZM-ENV_A7_OPEN?sku=MIN-ZGX-PAR,200 OK
https://www.minted.com/personalize/fxg/json/MIN-DUY-HIO_C_BKR?sku=MIN-DUY-HIO,200 OK
https://www.minted.com/personalize/fxg/json/MIN-045-CLD_C_3P?sku=MIN-045-CLD,500 INTERNAL_SERVER_ERROR
https://www.minted.com/personalize/fxg/json/MIN-XZY-ENV_A7_OPEN?sku=MIN-PY9-ENF,200 OK
https://www.minted.com/personalize/fxg/json/MEN-TEXT_ONLY-BKR-PA7?sku=MIN-YSG-MEN,200 OK
https://www.minted.com/personalize/fxg/json/MIN-YSG-MEN_B_FRT?sku=MIN-YSG-MEN,200 OK
https://www.minted.com/personalize/fxg/json/MIN-9J7-NBK_B_BKR?sku=MIN-9J7-NBK,200 OK
https://www.minted.com/personalize/fxg/json/MIN-XXI-SDA_Y_FRT?sku=MIN-XXI-SDA,200 OK
https://www.minted.com/personalize/fxg/json/MIN-045-CLD_A_3P?sku=MIN-045-CLD,500 INTERNAL_SERVER_ERROR
https://www.minted.com/personalize/fxg/json/MIN-ZQ5-STD_B_LIN?sku=MIN-ZQ5-STD,200 OK
https://www.minted.com/personalize/fxg/json/STD-1_PH_FRAME-BKR-LA7?sku=MIN-PQH-STD,200 OK
