https://www.minted.com/personalize/fxg/json/MIN-XXI-SDA_R_FRT?sku=MIN-XXI-SDA,500 INTERNAL_SERVER_ERROR
https://www.minted.com/personalize/fxg/json/MIN-YYY-ENV_A7_FRT?sku=MIN-ZQ5-STD,500 INTERNAL_SERVER_ERROR
https://www.minted.com/personalize/fxg/json/MIN-WB9-NBK_E_FRT?sku=MIN-WB9-NBK,500 INTERNAL_SERVER_ERROR
https://www.minted.com/personalize/fxg/json/MIN-YYY-ENV_A7_FRT?sku=MIN-PQH-STD,500 INTERNAL_SERVER_ERROR
https://www.minted.com/personalize/fxg/json/MIN-XXI-SDA_G_FRT?sku=MIN-XXI-SDA,500 INTERNAL_SERVER_ERROR
https://www.minted.com/personalize/fxg/json/MIN-ZGX-PAR_E_LBL?sku=MIN-ZGX-PAR,500 INTERNAL_SERVER_ERROR
https://www.minted.com/personalize/fxg/json/MIN-ZGX-PAR_A_LIN?sku=MIN-ZGX-PAR,500 INTERNAL_SERVER_ERROR
https://www.minted.com/personalize/fxg/json/MIN-9J7-NBK_A_BKR?sku=MIN-9J7-NBK,500 INTERNAL_SERVER_ERROR
https://www.minted.com/personalize/fxg/json/MIN-XXL-SDA_O_FRT?sku=MIN-XXL-SDA,500 INTERNAL_SERVER_ERROR
https://www.minted.com/personalize/fxg/json/MIN-XT3-NBK_B_BKR?sku=MIN-XT3-NBK,500 INTERNAL_SERVER_ERROR
https://www.minted.com/personalize/fxg/json/MIN-035-ANC-LIN_B?sku=MIN-035-ANC,500 INTERNAL_SERVER_ERROR
https://www.minted.com/personalize/fxg/json/MIN-QE0-ENF_E_LIN?sku=MIN-PY9-ENF,500 INTERNAL_SERVER_ERROR
https://www.minted.com/personalize/fxg/json/MIN-OIP-PLC_B_FRT?sku=MIN-OIP-PLC,500 INTERNAL_SERVER_ERROR
https://www.minted.com/personalize/fxg/json/MIN-PY9-ENF_A_RAP?sku=MIN-PY9-ENF,500 INTERNAL_SERVER_ERROR
https://www.minted.com/personalize/fxg/json/MIN-ZJF-STM_B_FRT?sku=MIN-ZJF-STM,500 INTERNAL_SERVER_ERROR
https://www.minted.com/personalize/fxg/json/MIN-045-CLD_A_1P?sku=MIN-045-CLD,500 INTERNAL_SERVER_ERROR
https://www.minted.com/personalize/fxg/json/MIN-YV7-WPR_F_FRT?sku=MIN-YV7-WPR,500 INTERNAL_SERVER_ERROR
https://www.minted.com/personalize/fxg/json/MIN-YYY-ENV_A7_FRT?sku=MIN-OJ8-BRM,500 INTERNAL_SERVER_ERROR
https://www.minted.com/personalize/fxg/json/MIN-XXH-SDA_H_FRT?sku=MIN-XXH-SDA,500 INTERNAL_SERVER_ERROR
https://www.minted.com/personalize/fxg/json/MIN-QH4-GFT_B_FRT?sku=MIN-QH4-GFT,500 INTERNAL_SERVER_ERROR
https://www.minted.com/personalize/fxg/json/MIN-YYY-ENV_A7_FRT?sku=MIN-B1T-BYA,500 INTERNAL_SERVER_ERROR
https://www.minted.com/personalize/fxg/json/MIN-XXL-SDA_M_FRT?sku=MIN-XXL-SDA,500 INTERNAL_SERVER_ERROR
https://www.minted.com/personalize/fxg/json/MIN-045-CLD_D_2P?sku=MIN-045-CLD,500 INTERNAL_SERVER_ERROR
https://www.minted.com/personalize/fxg/json/MIN-045-CLD_A_FRT?sku=MIN-045-CLD,500 INTERNAL_SERVER_ERROR
https://www.minted.com/personalize/fxg/json/MIN-4TL-CNL_A_FRT?sku=MIN-4TL-CNL,500 INTERNAL_SERVER_ERROR
https://www.minted.com/personalize/fxg/json/MIN-ZGX-PAR_D_FRT?sku=MIN-ZGX-PAR,500 INTERNAL_SERVER_ERROR
https://www.minted.com/personalize/fxg/json/MIN-093-CLD_D_2P?sku=MIN-093-CLD,500 INTERNAL_SERVER_ERROR
https://www.minted.com/personalize/fxg/json/MIN-YYY-ENV_A7_FRT?sku=MIN-G10-HYC,500 INTERNAL_SERVER_ERROR
https://www.minted.com/personalize/fxg/json/MIN-YYY-ENV_MC_RAP?sku=MIN-IR0-HFM,500 INTERNAL_SERVER_ERROR
https://www.minted.com/personalize/fxg/json/MIN-3PC-CBP-LIN_C?sku=MIN-3PC-CBP,500 INTERNAL_SERVER_ERROR
https://www.minted.com/personalize/fxg/json/MIN-NE4-CNL_B_FRT?sku=MIN-NE4-CNL,500 INTERNAL_SERVER_ERROR
https://www.minted.com/personalize/fxg/json/MIN-XXL-SDA_X_FRT?sku=MIN-XXL-SDA,500 INTERNAL_SERVER_ERROR
https://www.minted.com/personalize/fxg/json/MIN-093-CLD_A_2P?sku=MIN-093-CLD,500 INTERNAL_SERVER_ERROR
https://www.minted.com/personalize/fxg/json/MIN-XXL-SDA_D_FRT?sku=MIN-XXL-SDA,500 INTERNAL_SERVER_ERROR
https://www.minted.com/personalize/fxg/json/MIN-YYY-ENV_A7_FRT?sku=MIN-UP3-CBP,500 INTERNAL_SERVER_ERROR
https://www.minted.com/personalize/fxg/json/MIN-9J7-NBK_A_FRT?sku=MIN-9J7-NBK,500 INTERNAL_SERVER_ERROR
https://www.minted.com/personalize/fxg/json/MIN-ZGX-PAR_A_OPEN?sku=MIN-ZGX-PAR,500 INTERNAL_SERVER_ERROR
https://www.minted.com/personalize/fxg/json/MIN-ZGX-PAR_C_LIN?sku=MIN-ZGX-PAR,500 INTERNAL_SERVER_ERROR
https://www.minted.com/personalize/fxg/json/MIN-MBF-NBK_C_FRT?sku=MIN-MBF-NBK,500 INTERNAL_SERVER_ERROR
https://www.minted.com/personalize/fxg/json/MIN-XT3-NBK_D_FRT?sku=MIN-XT3-NBK,500 INTERNAL_SERVER_ERROR
https://www.minted.com/personalize/fxg/json/MIN-035-ANC_A_RAP?sku=MIN-035-ANC,500 INTERNAL_SERVER_ERROR
https://www.minted.com/personalize/fxg/json/MIN-XXL-SDA_V_FRT?sku=MIN-XXL-SDA,500 INTERNAL_SERVER_ERROR
https://www.minted.com/personalize/fxg/json/MIN-YYY-ENV_A7_FRT?sku=MIN-ZMK-STD,500 INTERNAL_SERVER_ERROR
https://www.minted.com/personalize/fxg/json/MIN-ZGX-PAR_C_LBL?sku=MIN-ZGX-PAR,500 INTERNAL_SERVER_ERROR
https://www.minted.com/personalize/fxg/json/MIN-093-CLD_A_BKR?sku=MIN-093-CLD,500 INTERNAL_SERVER_ERROR
https://www.minted.com/personalize/fxg/json/MIN-YYY-ENV_A7_FRT?sku=MIN-V09-BSF,500 INTERNAL_SERVER_ERROR
https://www.minted.com/personalize/fxg/json/MIN-WB9-NBK_C_BKR?sku=MIN-WB9-NBK,500 INTERNAL_SERVER_ERROR
https://www.minted.com/personalize/fxg/json/MIN-YYY-ENV_A7_FRT?sku=MIN-Z97-BHF,500 INTERNAL_SERVER_ERROR
https://www.minted.com/personalize/fxg/json/MIN-045-CLD_D_1P?sku=MIN-045-CLD,500 INTERNAL_SERVER_ERROR
https://www.minted.com/personalize/fxg/json/MIN-MAR-NBK_A_BKR?sku=MIN-MAR-NBK,500 INTERNAL_SERVER_ERROR
https://www.minted.com/personalize/fxg/json/MIN-PY9-ENF_A_LBL?sku=MIN-PY9-ENF,500 INTERNAL_SERVER_ERROR
https://www.minted.com/personalize/fxg/json/HLD-BLANK-INT-LA7?sku=MIN-G10-HYC,500 INTERNAL_SERVER_ERROR
https://www.minted.com/personalize/fxg/json/MIN-YLV-HPA-LIN_A?sku=MIN-YLV-HPA,500 INTERNAL_SERVER_ERROR
https://www.minted.com/personalize/fxg/json/MIN-ZP1-NBK_E_BKR?sku=MIN-ZP1-NBK,500 INTERNAL_SERVER_ERROR
https://www.minted.com/personalize/fxg/json/MIN-YYY-ENV_A7_FRT?sku=MIN-OY8-BSF,500 INTERNAL_SERVER_ERROR
https://www.minted.com/personalize/fxg/json/MIN-035-ANC_B_LIN?sku=MIN-035-ANC,500 INTERNAL_SERVER_ERROR
https://www.minted.com/personalize/fxg/json/MIN-YYY-ENV_A2_FRT?sku=MIN-ZS4-TYC,500 INTERNAL_SERVER_ERROR
https://www.minted.com/personalize/fxg/json/MIN-ZGX-PAR-LIN_D?sku=MIN-ZGX-PAR,500 INTERNAL_SERVER_ERROR
https://www.minted.com/personalize/fxg/json/MIN-KR4-CWR_A_FRT_TILE?sku=MIN-KR4-CWR,500 INTERNAL_SERVER_ERROR
https://www.minted.com/personalize/fxg/json/MIN-YYY-ENV_A2_FRT?sku=MIN-JJ8-TYF,500 INTERNAL_SERVER_ERROR
https://www.minted.com/personalize/fxg/json/MIN-ZGX-PAR-LIN_A?sku=MIN-ZGX-PAR,500 INTERNAL_SERVER_ERROR
https://www.minted.com/personalize/fxg/json/MIN-YYY-ENV_MC_OPEN?sku=MIN-7QI-HMC,500 INTERNAL_SERVER_ERROR
https://www.minted.com/personalize/fxg/json/MIN-035-ANC_D_LBL?sku=MIN-035-ANC,500 INTERNAL_SERVER_ERROR
https://www.minted.com/personalize/fxg/json/MIN-XXL-SDA_B_FRT?sku=MIN-XXL-SDA,500 INTERNAL_SERVER_ERROR
https://www.minted.com/personalize/fxg/json/MIN-093-CLD_C_1P?sku=MIN-093-CLD,500 INTERNAL_SERVER_ERROR
https://www.minted.com/personalize/fxg/json/MIN-MBF-NBK_A_FRT?sku=MIN-MBF-NBK,500 INTERNAL_SERVER_ERROR
https://www.minted.com/personalize/fxg/json/MIN-ZP1-NBK_E_FRT?sku=MIN-ZP1-NBK,500 INTERNAL_SERVER_ERROR
https://www.minted.com/personalize/fxg/json/MIN-035-ANC_D_LIN?sku=MIN-035-ANC,500 INTERNAL_SERVER_ERROR
https://www.minted.com/personalize/fxg/json/MIN-XXI-SDA_K_FRT?sku=MIN-XXI-SDA,500 INTERNAL_SERVER_ERROR
https://www.minted.com/personalize/fxg/json/MIN-XXI-SDA_T_FRT?sku=MIN-XXI-SDA,500 INTERNAL_SERVER_ERROR
https://www.minted.com/personalize/fxg/json/MIN-XXL-SDA_K_FRT?sku=MIN-XXL-SDA,500 INTERNAL_SERVER_ERROR
https://www.minted.com/personalize/fxg/json/MIN-YYY-ENV_A7_FRT?sku=MIN-ZGX-PAR,500 INTERNAL_SERVER_ERROR
https://www.minted.com/personalize/fxg/json/MIN-093-CLD_A_1P?sku=MIN-093-CLD,500 INTERNAL_SERVER_ERROR
https://www.minted.com/personalize/fxg/json/MIN-BRE-CNL_B_FRT?sku=MIN-BRE-CNL,500 INTERNAL_SERVER_ERROR
https://www.minted.com/personalize/fxg/json/MIN-XXH-SDA_Q_FRT?sku=MIN-XXH-SDA,500 INTERNAL_SERVER_ERROR
https://www.minted.com/personalize/fxg/json/MIN-XT3-NBK_B_FRT?sku=MIN-XT3-NBK,500 INTERNAL_SERVER_ERROR
https://www.minted.com/personalize/fxg/json/MIN-WWW-INT-LA2?sku=MIN-ZMP-TYC,500 INTERNAL_SERVER_ERROR
https://www.minted.com/personalize/fxg/json/MIN-MAR-NBK_A_FRT?sku=MIN-MAR-NBK,500 INTERNAL_SERVER_ERROR
https://www.minted.com/personalize/fxg/json/MIN-WB9-NBK_E_BKR?sku=MIN-WB9-NBK,500 INTERNAL_SERVER_ERROR
https://www.minted.com/personalize/fxg/json/MIN-XXL-SDA_I_FRT?sku=MIN-XXL-SDA,500 INTERNAL_SERVER_ERROR
https://www.minted.com/personalize/fxg/json/MIN-MAR-NBK_B_FRT?sku=MIN-MAR-NBK,500 INTERNAL_SERVER_ERROR
https://www.minted.com/personalize/fxg/json/MIN-MAR-NBK_C_BKR?sku=MIN-MAR-NBK,500 INTERNAL_SERVER_ERROR
https://www.minted.com/personalize/fxg/json/MIN-PY9-ENF_C_OPEN?sku=MIN-PY9-ENF,500 INTERNAL_SERVER_ERROR
https://www.minted.com/personalize/fxg/json/MIN-ZGX-PAR_D_RAP?sku=MIN-ZGX-PAR,500 INTERNAL_SERVER_ERROR
https://www.minted.com/personalize/fxg/json/HLD-4_PH_STORY-INT-LA7?sku=MIN-G10-HYC,500 INTERNAL_SERVER_ERROR
https://www.minted.com/personalize/fxg/json/MIN-093-CLD_A_3P?sku=MIN-093-CLD,500 INTERNAL_SERVER_ERROR
https://www.minted.com/personalize/fxg/json/MIN-PY9-ENF_C_LBL?sku=MIN-PY9-ENF,500 INTERNAL_SERVER_ERROR
https://www.minted.com/personalize/fxg/json/MIN-SS9-MEN_C_FRT?sku=MIN-SS9-MEN,500 INTERNAL_SERVER_ERROR
https://www.minted.com/personalize/fxg/json/MIN-ZQG-NBK_A_BKR?sku=MIN-ZQG-NBK,500 INTERNAL_SERVER_ERROR
https://www.minted.com/personalize/fxg/json/MIN-XXI-SDA_L_FRT?sku=MIN-XXI-SDA,500 INTERNAL_SERVER_ERROR
https://www.minted.com/personalize/fxg/json/MIN-ZGX-PAR_C_RAP?sku=MIN-ZGX-PAR,500 INTERNAL_SERVER_ERROR
https://www.minted.com/personalize/fxg/json/MIN-YYY-ENV_A7_FRT?sku=MIN-035-HLE,500 INTERNAL_SERVER_ERROR
https://www.minted.com/personalize/fxg/json/MIN-PY9-ENF_D_LBL?sku=MIN-PY9-ENF,500 INTERNAL_SERVER_ERROR
https://www.minted.com/personalize/fxg/json/MIN-XXL-SDA_H_FRT?sku=MIN-XXL-SDA,500 INTERNAL_SERVER_ERROR
https://www.minted.com/personalize/fxg/json/MIN-XXL-SDA_J_FRT?sku=MIN-XXL-SDA,500 INTERNAL_SERVER_ERROR
https://www.minted.com/personalize/fxg/json/MIN-PY9-ENF_B_OPEN?sku=MIN-PY9-ENF,500 INTERNAL_SERVER_ERROR
https://www.minted.com/personalize/fxg/json/MIN-045-CLD_C_1P?sku=MIN-045-CLD,500 INTERNAL_SERVER_ERROR
https://www.minted.com/personalize/fxg/json/MIN-XXH-SDA_M_FRT?sku=MIN-XXH-SDA,500 INTERNAL_SERVER_ERROR
https://www.minted.com/personalize/fxg/json/MIN-WWW-INT-LA2?sku=MIN-FQ4-TYF,500 INTERNAL_SERVER_ERROR
https://www.minted.com/personalize/fxg/json/HLD-TEXT_ONLY_SM-INT-LA7?sku=MIN-OJU-TXG,500 INTERNAL_SERVER_ERROR
https://www.minted.com/personalize/fxg/json/MIN-AJ2-BYA_A_FRT-16?sku=MIN-AJ2-BYA,500 INTERNAL_SERVER_ERROR
https://www.minted.com/personalize/fxg/json/MIN-SS9-MEN_B_FRT?sku=MIN-SS9-MEN,500 INTERNAL_SERVER_ERROR
https://www.minted.com/personalize/fxg/json/MIN-NE4-CNL_F_FRT?sku=MIN-NE4-CNL,500 INTERNAL_SERVER_ERROR
https://www.minted.com/personalize/fxg/json/MIN-ZGX-PAR_D_OPEN?sku=MIN-ZGX-PAR,500 INTERNAL_SERVER_ERROR
https://www.minted.com/personalize/fxg/json/MIN-045-CLD_A_2P?sku=MIN-045-CLD,500 INTERNAL_SERVER_ERROR
https://www.minted.com/personalize/fxg/json/MIN-045-CLD_B_2P?sku=MIN-045-CLD,500 INTERNAL_SERVER_ERROR
https://www.minted.com/personalize/fxg/json/MIN-OQK-LRV_A_FRT?sku=MIN-OQK-LRV,500 INTERNAL_SERVER_ERROR
https://www.minted.com/personalize/fxg/json/MIN-MAR-NBK_C_FRT?sku=MIN-MAR-NBK,500 INTERNAL_SERVER_ERROR
https://www.minted.com/personalize/fxg/json/MIN-ZGX-PAR_E_LIN?sku=MIN-ZGX-PAR,500 INTERNAL_SERVER_ERROR
https://www.minted.com/personalize/fxg/json/MIN-MAR-NBK_B_BKR?sku=MIN-MAR-NBK,500 INTERNAL_SERVER_ERROR
https://www.minted.com/personalize/fxg/json/HLD-2_PAGE_STORY-INT-LA7?sku=MIN-W5Y-HNP,500 INTERNAL_SERVER_ERROR
https://www.minted.com/personalize/fxg/json/MIN-ZGX-PAR_B_RAP?sku=MIN-ZGX-PAR,500 INTERNAL_SERVER_ERROR
https://www.minted.com/personalize/fxg/json/MIN-SS9-MEN_A_FRT?sku=MIN-SS9-MEN,500 INTERNAL_SERVER_ERROR
https://www.minted.com/personalize/fxg/json/MIN-YYY-ENV_A7_FRT?sku=MIN-H0L-BYA,500 INTERNAL_SERVER_ERROR
https://www.minted.com/personalize/fxg/json/MIN-PY9-ENF_E_LBL?sku=MIN-PY9-ENF,500 INTERNAL_SERVER_ERROR
https://www.minted.com/personalize/fxg/json/MIN-D29-HNY_C_LBL?sku=MIN-D29-HNY,502 BAD_GATEWAY
https://www.minted.com/personalize/fxg/json/MIN-PY9-ENF_E_RAP?sku=MIN-PY9-ENF,500 INTERNAL_SERVER_ERROR
https://www.minted.com/personalize/fxg/json/MIN-YYY-ENV_A7_FRT?sku=MIN-FDJ-INV,500 INTERNAL_SERVER_ERROR
https://www.minted.com/personalize/fxg/json/MIN-093-CLD_B_3P?sku=MIN-093-CLD,500 INTERNAL_SERVER_ERROR
https://www.minted.com/personalize/fxg/json/MIN-PY9-ENF_D_RAP?sku=MIN-PY9-ENF,500 INTERNAL_SERVER_ERROR
https://www.minted.com/personalize/fxg/json/MIN-YYY-ENV_A7_FRT?sku=MIN-ZBT-BSF,500 INTERNAL_SERVER_ERROR
https://www.minted.com/personalize/fxg/json/MIN-NE4-CNL_D_FRT?sku=MIN-NE4-CNL,500 INTERNAL_SERVER_ERROR
https://www.minted.com/personalize/fxg/json/MIN-XXL-SDA_F_FRT?sku=MIN-XXL-SDA,500 INTERNAL_SERVER_ERROR
https://www.minted.com/personalize/fxg/json/MIN-035-ANC_B_LBL?sku=MIN-035-ANC,500 INTERNAL_SERVER_ERROR
https://www.minted.com/personalize/fxg/json/MIN-YYY-ENV_A7_FRT?sku=MIN-GBE-STD,500 INTERNAL_SERVER_ERROR
https://www.minted.com/personalize/fxg/json/MIN-035-ANC_C_FRT?sku=MIN-035-ANC,500 INTERNAL_SERVER_ERROR
https://www.minted.com/personalize/fxg/json/MIN-093-CLD_D_3P?sku=MIN-093-CLD,500 INTERNAL_SERVER_ERROR
https://www.minted.com/personalize/fxg/json/MIN-PY9-ENF_E_OPEN?sku=MIN-PY9-ENF,500 INTERNAL_SERVER_ERROR
https://www.minted.com/personalize/fxg/json/MIN-082-BHF-LIN_F?sku=MIN-082-BHF,500 INTERNAL_SERVER_ERROR
https://www.minted.com/personalize/fxg/json/MIN-035-ANC_B_FRT?sku=MIN-035-ANC,500 INTERNAL_SERVER_ERROR
https://www.minted.com/personalize/fxg/json/MIN-YYY-ENV_A2_FRT?sku=MIN-FQ4-TYF,500 INTERNAL_SERVER_ERROR
https://www.minted.com/personalize/fxg/json/MIN-082-BHF-LIN_C?sku=MIN-082-BHF,500 INTERNAL_SERVER_ERROR
https://www.minted.com/personalize/fxg/json/MIN-YYY-ENV_A7_FRT?sku=MIN-082-BHF,500 INTERNAL_SERVER_ERROR
https://www.minted.com/personalize/fxg/json/MIN-ZGX-PAR_E_RAP?sku=MIN-ZGX-PAR,500 INTERNAL_SERVER_ERROR
https://www.minted.com/personalize/fxg/json/MIN-3PC-CBP-LIN_A?sku=MIN-3PC-CBP,500 INTERNAL_SERVER_ERROR
https://www.minted.com/personalize/fxg/json/MIN-YYY-ENV_A7_FRT?sku=MIN-035-ANC,500 INTERNAL_SERVER_ERROR
https://www.minted.com/personalize/fxg/json/MIN-PY9-ENF_C_RAP?sku=MIN-PY9-ENF,500 INTERNAL_SERVER_ERROR
https://www.minted.com/personalize/fxg/json/MIN-YYY-ENV_A7_FRT?sku=MIN-ZN9-BSI,500 INTERNAL_SERVER_ERROR
https://www.minted.com/personalize/fxg/json/MIN-YYY-ENV_A7_FRT?sku=MIN-49I-INV,500 INTERNAL_SERVER_ERROR
https://www.minted.com/personalize/fxg/json/MIN-ZGX-PAR_B_OPEN?sku=MIN-ZGX-PAR,500 INTERNAL_SERVER_ERROR
https://www.minted.com/personalize/fxg/json/MIN-035-ANC_A_FRT?sku=MIN-035-ANC,500 INTERNAL_SERVER_ERROR
https://www.minted.com/personalize/fxg/json/MIN-035-ANC_A_LBL?sku=MIN-035-ANC,500 INTERNAL_SERVER_ERROR
https://www.minted.com/personalize/fxg/json/MIN-YYY-ENV_A7_FRT?sku=MIN-ZAX-BSF,500 INTERNAL_SERVER_ERROR
https://www.minted.com/personalize/fxg/json/MIN-NE4-CNL_E_FRT?sku=MIN-NE4-CNL,500 INTERNAL_SERVER_ERROR
https://www.minted.com/personalize/fxg/json/MIN-XXL-SDA_G_FRT?sku=MIN-XXL-SDA,500 INTERNAL_SERVER_ERROR
https://www.minted.com/personalize/fxg/json/MIN-ZJF-STM_C_FRT?sku=MIN-ZJF-STM,500 INTERNAL_SERVER_ERROR
https://www.minted.com/personalize/fxg/json/MIN-XXH-SDA_L_FRT?sku=MIN-XXH-SDA,500 INTERNAL_SERVER_ERROR
https://www.minted.com/personalize/fxg/json/MIN-XXL-SDA_Z_FRT?sku=MIN-XXL-SDA,500 INTERNAL_SERVER_ERROR
https://www.minted.com/personalize/fxg/json/MIN-YYY-ENV_A2_FRT?sku=MIN-CC1-RSV,500 INTERNAL_SERVER_ERROR
https://www.minted.com/personalize/fxg/json/MIN-YYY-ENV_A7_FRT?sku=MIN-ZU5-STD,500 INTERNAL_SERVER_ERROR
https://www.minted.com/personalize/fxg/json/MIN-045-CLD_A_BKR?sku=MIN-045-CLD,500 INTERNAL_SERVER_ERROR
https://www.minted.com/personalize/fxg/json/MIN-YYY-ENV_A7_FRT?sku=MIN-3PC-CBP,500 INTERNAL_SERVER_ERROR
https://www.minted.com/personalize/fxg/json/MIN-YYY-ENV_A7_FRT?sku=MIN-ZTO-INV,500 INTERNAL_SERVER_ERROR
https://www.minted.com/personalize/fxg/json/MIN-093-CLD_C_3P?sku=MIN-093-CLD,500 INTERNAL_SERVER_ERROR
https://www.minted.com/personalize/fxg/json/MIN-ZJF-STM_A_FRT?sku=MIN-ZJF-STM,500 INTERNAL_SERVER_ERROR
https://www.minted.com/personalize/fxg/json/MIN-WB9-NBK_F_BKR?sku=MIN-WB9-NBK,500 INTERNAL_SERVER_ERROR
https://www.minted.com/personalize/fxg/json/MIN-035-ANC_B_OPEN?sku=MIN-035-ANC,500 INTERNAL_SERVER_ERROR
https://www.minted.com/personalize/fxg/json/MIN-QH4-GFT_A_FRT?sku=MIN-QH4-GFT,500 INTERNAL_SERVER_ERROR
https://www.minted.com/personalize/fxg/json/MIN-YYY-ENV_A7_FRT?sku=MIN-LCR-BHF,500 INTERNAL_SERVER_ERROR
https://www.minted.com/personalize/fxg/json/MIN-XT3-NBK_A_FRT?sku=MIN-XT3-NBK,500 INTERNAL_SERVER_ERROR
https://www.minted.com/personalize/fxg/json/MIN-ZP1-NBK_F_FRT?sku=MIN-ZP1-NBK,500 INTERNAL_SERVER_ERROR
https://www.minted.com/personalize/fxg/json/MIN-PY9-ENF_B_RAP?sku=MIN-PY9-ENF,500 INTERNAL_SERVER_ERROR
https://www.minted.com/personalize/fxg/json/MIN-DL4-HPC_C_FRT?sku=MIN-DL4-HPC,502 BAD_GATEWAY
https://www.minted.com/personalize/fxg/json/MIN-NE4-CNL_A_FRT?sku=MIN-NE4-CNL,500 INTERNAL_SERVER_ERROR
https://www.minted.com/personalize/fxg/json/MIN-4TL-CNL_B_FRT?sku=MIN-4TL-CNL,500 INTERNAL_SERVER_ERROR
https://www.minted.com/personalize/fxg/json/MIN-XXL-SDA_C_FRT?sku=MIN-XXL-SDA,500 INTERNAL_SERVER_ERROR
https://www.minted.com/personalize/fxg/json/MIN-ZGX-PAR_E_FRT?sku=MIN-ZGX-PAR,500 INTERNAL_SERVER_ERROR
https://www.minted.com/personalize/fxg/json/HLD-2_PAGE_STORY-INT-LA7?sku=MIN-G10-HYC,500 INTERNAL_SERVER_ERROR
https://www.minted.com/personalize/fxg/json/MIN-XXH-SDA_T_FRT?sku=MIN-XXH-SDA,500 INTERNAL_SERVER_ERROR
https://www.minted.com/personalize/fxg/json/MIN-YYY-ENV_A7_FRT?sku=MIN-DYL-BSH,500 INTERNAL_SERVER_ERROR
https://www.minted.com/personalize/fxg/json/MIN-YRQ-EA7_A7_OPEN?sku=MIN-FDJ-INV,500 INTERNAL_SERVER_ERROR
https://www.minted.com/personalize/fxg/json/MIN-NE4-CNL_C_FRT?sku=MIN-NE4-CNL,500 INTERNAL_SERVER_ERROR
https://www.minted.com/personalize/fxg/json/MIN-ZP1-NBK_F_BKR?sku=MIN-ZP1-NBK,500 INTERNAL_SERVER_ERROR
https://www.minted.com/personalize/fxg/json/MIN-045-CLD_C_2P?sku=MIN-045-CLD,500 INTERNAL_SERVER_ERROR
https://www.minted.com/personalize/fxg/json/MIN-YV7-WPR_G_FRT?sku=MIN-YV7-WPR,500 INTERNAL_SERVER_ERROR
https://www.minted.com/personalize/fxg/json/MIN-XXH-SDA_R_FRT?sku=MIN-XXH-SDA,500 INTERNAL_SERVER_ERROR
https://www.minted.com/personalize/fxg/json/MIN-9J7-NBK_B_FRT?sku=MIN-9J7-NBK,500 INTERNAL_SERVER_ERROR
https://www.minted.com/personalize/fxg/json/MIN-035-ANC_D_FRT?sku=MIN-035-ANC,500 INTERNAL_SERVER_ERROR
https://www.minted.com/personalize/fxg/json/MIN-XXL-SDA_E_FRT?sku=MIN-XXL-SDA,500 INTERNAL_SERVER_ERROR
https://www.minted.com/personalize/fxg/json/MIN-XXI-SDA_Q_FRT?sku=MIN-XXI-SDA,500 INTERNAL_SERVER_ERROR
https://www.minted.com/personalize/fxg/json/MIN-YYY-ENV_A7_FRT?sku=MIN-ZQ7-STD,500 INTERNAL_SERVER_ERROR
https://www.minted.com/personalize/fxg/json/MIN-035-ANC_C_OPEN?sku=MIN-035-ANC,500 INTERNAL_SERVER_ERROR
https://www.minted.com/personalize/fxg/json/MIN-XXI-SDA_H_FRT?sku=MIN-XXI-SDA,500 INTERNAL_SERVER_ERROR
https://www.minted.com/personalize/fxg/json/MIN-ZGX-PAR-LIN_B?sku=MIN-ZGX-PAR,500 INTERNAL_SERVER_ERROR
https://www.minted.com/personalize/fxg/json/MIN-035-ANC_C_LBL?sku=MIN-035-ANC,500 INTERNAL_SERVER_ERROR
https://www.minted.com/personalize/fxg/json/MIN-XXH-SDA_I_FRT?sku=MIN-XXH-SDA,500 INTERNAL_SERVER_ERROR
https://www.minted.com/personalize/fxg/json/MIN-035-ANC_A_LIN?sku=MIN-035-ANC,500 INTERNAL_SERVER_ERROR
https://www.minted.com/personalize/fxg/json/MIN-YYY-ENV_A7_FRT?sku=MIN-ZNB-IFS,500 INTERNAL_SERVER_ERROR
https://www.minted.com/personalize/fxg/json/MIN-QH4-GFT_C_FRT?sku=MIN-QH4-GFT,500 INTERNAL_SERVER_ERROR
https://www.minted.com/personalize/fxg/json/MIN-XT3-NBK_C_BKR?sku=MIN-XT3-NBK,500 INTERNAL_SERVER_ERROR
https://www.minted.com/personalize/fxg/json/MIN-WB9-NBK_D_FRT?sku=MIN-WB9-NBK,500 INTERNAL_SERVER_ERROR
https://www.minted.com/personalize/fxg/json/MIN-OIP-PLC_C_FRT?sku=MIN-OIP-PLC,500 INTERNAL_SERVER_ERROR
https://www.minted.com/personalize/fxg/json/MIN-QE0-ENF_D_LIN?sku=MIN-PY9-ENF,500 INTERNAL_SERVER_ERROR
https://www.minted.com/personalize/fxg/json/MIN-ZGX-PAR_A_RAP?sku=MIN-ZGX-PAR,500 INTERNAL_SERVER_ERROR
https://www.minted.com/personalize/fxg/json/MIN-035-ANC_C_LIN?sku=MIN-035-ANC,500 INTERNAL_SERVER_ERROR
https://www.minted.com/personalize/fxg/json/MIN-XXL-SDA_L_FRT?sku=MIN-XXL-SDA,500 INTERNAL_SERVER_ERROR
https://www.minted.com/personalize/fxg/json/MIN-YYY-ENV_A2_FRT?sku=MIN-G0U-TYF,500 INTERNAL_SERVER_ERROR
https://www.minted.com/personalize/fxg/json/MIN-XXL-SDA_A_FRT?sku=MIN-XXL-SDA,500 INTERNAL_SERVER_ERROR
https://www.minted.com/personalize/fxg/json/MIN-YYY-ENV_A2_FRT?sku=MIN-ZMP-TYC,500 INTERNAL_SERVER_ERROR
https://www.minted.com/personalize/fxg/json/MIN-035-ANC_D_OPEN?sku=MIN-035-ANC,500 INTERNAL_SERVER_ERROR
https://www.minted.com/personalize/fxg/json/MIN-XXL-SDA_W_FRT?sku=MIN-XXL-SDA,500 INTERNAL_SERVER_ERROR
https://www.minted.com/personalize/fxg/json/MIN-WB9-NBK_D_BKR?sku=MIN-WB9-NBK,500 INTERNAL_SERVER_ERROR
https://www.minted.com/personalize/fxg/json/MIN-ZP1-NBK_D_FRT?sku=MIN-ZP1-NBK,500 INTERNAL_SERVER_ERROR
https://www.minted.com/personalize/fxg/json/MIN-YYY-ENV_A7_FRT?sku=MIN-AJ2-BYA,500 INTERNAL_SERVER_ERROR
https://www.minted.com/personalize/fxg/json/MIN-ZGX-PAR_D_LIN?sku=MIN-ZGX-PAR,500 INTERNAL_SERVER_ERROR
https://www.minted.com/personalize/fxg/json/MIN-045-CLD_B_1P?sku=MIN-045-CLD,500 INTERNAL_SERVER_ERROR
https://www.minted.com/personalize/fxg/json/MIN-7VJ-HPC_A_FRT?sku=MIN-7VJ-HPC,500 INTERNAL_SERVER_ERROR
https://www.minted.com/personalize/fxg/json/MIN-XT3-NBK_C_FRT?sku=MIN-XT3-NBK,500 INTERNAL_SERVER_ERROR
https://www.minted.com/personalize/fxg/json/MIN-XXL-SDA_U_FRT?sku=MIN-XXL-SDA,500 INTERNAL_SERVER_ERROR
https://www.minted.com/personalize/fxg/json/MIN-ZGX-PAR_D_LBL?sku=MIN-ZGX-PAR,500 INTERNAL_SERVER_ERROR
https://www.minted.com/personalize/fxg/json/MIN-PY9-ENF_B_LBL?sku=MIN-PY9-ENF,500 INTERNAL_SERVER_ERROR
https://www.minted.com/personalize/fxg/json/MIN-093-CLD_D_1P?sku=MIN-093-CLD,500 INTERNAL_SERVER_ERROR
https://www.minted.com/personalize/fxg/json/MIN-WWW-INT-LA2?sku=MIN-ZOF-TYC,500 INTERNAL_SERVER_ERROR
https://www.minted.com/personalize/fxg/json/MIN-XXH-SDA_G_FRT?sku=MIN-XXH-SDA,500 INTERNAL_SERVER_ERROR
https://www.minted.com/personalize/fxg/json/MIN-WB9-NBK_F_FRT?sku=MIN-WB9-NBK,500 INTERNAL_SERVER_ERROR
https://www.minted.com/personalize/fxg/json/MIN-ZGX-PAR_B_LIN?sku=MIN-ZGX-PAR,500 INTERNAL_SERVER_ERROR
https://www.minted.com/personalize/fxg/json/MIN-4TL-CNL_D_FRT?sku=MIN-4TL-CNL,500 INTERNAL_SERVER_ERROR
https://www.minted.com/personalize/fxg/json/MIN-093-CLD_B_1P?sku=MIN-093-CLD,500 INTERNAL_SERVER_ERROR
https://www.minted.com/personalize/fxg/json/MIN-XT3-NBK_A_BKR?sku=MIN-XT3-NBK,500 INTERNAL_SERVER_ERROR
https://www.minted.com/personalize/fxg/json/MIN-BRE-CNL_A_FRT?sku=MIN-BRE-CNL,500 INTERNAL_SERVER_ERROR
https://www.minted.com/personalize/fxg/json/MIN-XXI-SDA_A_FRT?sku=MIN-XXI-SDA,500 INTERNAL_SERVER_ERROR
https://www.minted.com/personalize/fxg/json/MIN-MBF-NBK_B_FRT?sku=MIN-MBF-NBK,500 INTERNAL_SERVER_ERROR
https://www.minted.com/personalize/fxg/json/MIN-OIP-PLC_A_FRT?sku=MIN-OIP-PLC,500 INTERNAL_SERVER_ERROR
https://www.minted.com/personalize/fxg/json/MIN-YYY-ENV_A2_FRT?sku=MIN-M80-TYF,500 INTERNAL_SERVER_ERROR
https://www.minted.com/personalize/fxg/json/MIN-YYY-ENV_A7_FRT?sku=MIN-IZM-BSI,500 INTERNAL_SERVER_ERROR
https://www.minted.com/personalize/fxg/json/MIN-ZP1-NBK_D_BKR?sku=MIN-ZP1-NBK,500 INTERNAL_SERVER_ERROR
https://www.minted.com/personalize/fxg/json/HLD-TEXT_ONLY_LG-INT-LMC?sku=MIN-IR0-HFM,500 INTERNAL_SERVER_ERROR
https://www.minted.com/personalize/fxg/json/MIN-PY9-ENF_D_FRT?sku=MIN-PY9-ENF,500 INTERNAL_SERVER_ERROR
https://www.minted.com/personalize/fxg/json/MIN-082-BHF-LIN_D?sku=MIN-082-BHF,500 INTERNAL_SERVER_ERROR
https://www.minted.com/personalize/fxg/json/MIN-YYY-ENV_A7_FRT?sku=MIN-JAJ-BYA,500 INTERNAL_SERVER_ERROR
https://www.minted.com/personalize/fxg/json/MIN-082-BHF-LIN_A?sku=MIN-082-BHF,500 INTERNAL_SERVER_ERROR
https://www.minted.com/personalize/fxg/json/PGR-BLANK-INT-LA7?sku=MIN-82O-GFS,500 INTERNAL_SERVER_ERROR
https://www.minted.com/personalize/fxg/json/MIN-YYY-ENV_A7_FRT?sku=MIN-Z9U-BSI,500 INTERNAL_SERVER_ERROR
https://www.minted.com/personalize/fxg/json/MIN-ZP1-NBK_B_BKR?sku=MIN-ZP1-NBK,500 INTERNAL_SERVER_ERROR
https://www.minted.com/personalize/fxg/json/MIN-ZP1-NBK_A_FRT?sku=MIN-ZP1-NBK,500 INTERNAL_SERVER_ERROR
https://www.minted.com/personalize/fxg/json/MIN-PY9-ENF_C_FRT?sku=MIN-PY9-ENF,500 INTERNAL_SERVER_ERROR
https://www.minted.com/personalize/fxg/json/MIN-ZGX-PAR_A_BKR?sku=MIN-ZGX-PAR,500 INTERNAL_SERVER_ERROR
https://www.minted.com/personalize/fxg/json/MIN-082-BHF-LIN_E?sku=MIN-082-BHF,500 INTERNAL_SERVER_ERROR
https://www.minted.com/personalize/fxg/json/MIN-SS9-MEN_D_FRT?sku=MIN-SS9-MEN,500 INTERNAL_SERVER_ERROR
https://www.minted.com/personalize/fxg/json/MIN-035-ANC_C_RAP?sku=MIN-035-ANC,500 INTERNAL_SERVER_ERROR
https://www.minted.com/personalize/fxg/json/MIN-XXI-SDA_X_FRT?sku=MIN-XXI-SDA,500 INTERNAL_SERVER_ERROR
https://www.minted.com/personalize/fxg/json/MIN-YYY-ENV_A7_FRT?sku=MIN-2KJ-CBP,500 INTERNAL_SERVER_ERROR
https://www.minted.com/personalize/fxg/json/MIN-ZGX-PAR_E_OPEN?sku=MIN-ZGX-PAR,500 INTERNAL_SERVER_ERROR
https://www.minted.com/personalize/fxg/json/MIN-035-ANC_D_RAP?sku=MIN-035-ANC,500 INTERNAL_SERVER_ERROR
https://www.minted.com/personalize/fxg/json/MIN-082-BHF-LIN_B?sku=MIN-082-BHF,500 INTERNAL_SERVER_ERROR
https://www.minted.com/personalize/fxg/json/MIN-9J7-NBK_E_FRT?sku=MIN-9J7-NBK,500 INTERNAL_SERVER_ERROR
https://www.minted.com/personalize/fxg/json/MIN-YYY-ENV_A7_FRT?sku=MIN-82O-GFS,500 INTERNAL_SERVER_ERROR
https://www.minted.com/personalize/fxg/json/MIN-YV7-WPR_A_FRT?sku=MIN-YV7-WPR,500 INTERNAL_SERVER_ERROR
https://www.minted.com/personalize/fxg/json/MIN-ZQG-NBK_A_FRT?sku=MIN-ZQG-NBK,500 INTERNAL_SERVER_ERROR
https://www.minted.com/personalize/fxg/json/MIN-9J7-NBK_F_BKR?sku=MIN-9J7-NBK,500 INTERNAL_SERVER_ERROR
https://www.minted.com/personalize/fxg/json/MIN-XXL-SDA_T_FRT?sku=MIN-XXL-SDA,500 INTERNAL_SERVER_ERROR
https://www.minted.com/personalize/fxg/json/MIN-ZGX-PAR_A_LBL?sku=MIN-ZGX-PAR,500 INTERNAL_SERVER_ERROR
https://www.minted.com/personalize/fxg/json/MIN-ZP1-NBK_C_BKR?sku=MIN-ZP1-NBK,500 INTERNAL_SERVER_ERROR
https://www.minted.com/personalize/fxg/json/MIN-MBF-NBK_A_BKR?sku=MIN-MBF-NBK,500 INTERNAL_SERVER_ERROR
https://www.minted.com/personalize/fxg/json/MIN-WB9-NBK_A_BKR?sku=MIN-WB9-NBK,500 INTERNAL_SERVER_ERROR
https://www.minted.com/personalize/fxg/json/MIN-XXH-SDA_C_FRT?sku=MIN-XXH-SDA,500 INTERNAL_SERVER_ERROR
https://www.minted.com/personalize/fxg/json/MIN-YSG-MEN_A_FRT?sku=MIN-YSG-MEN,500 INTERNAL_SERVER_ERROR
https://www.minted.com/personalize/fxg/json/MIN-BRE-CNL_C_FRT?sku=MIN-BRE-CNL,500 INTERNAL_SERVER_ERROR
https://www.minted.com/personalize/fxg/json/MIN-WB9-NBK_B_BKR?sku=MIN-WB9-NBK,500 INTERNAL_SERVER_ERROR
https://www.minted.com/personalize/fxg/json/MIN-035-ANC_B_RAP?sku=MIN-035-ANC,500 INTERNAL_SERVER_ERROR
https://www.minted.com/personalize/fxg/json/MIN-PY9-ENF_B_FRT?sku=MIN-PY9-ENF,500 INTERNAL_SERVER_ERROR
https://www.minted.com/personalize/fxg/json/MIN-KR4-CWR_B_FRT_TILE?sku=MIN-KR4-CWR,500 INTERNAL_SERVER_ERROR
https://www.minted.com/personalize/fxg/json/MIN-ZP1-NBK_B_FRT?sku=MIN-ZP1-NBK,500 INTERNAL_SERVER_ERROR
https://www.minted.com/personalize/fxg/json/MIN-SS9-MEN_E_FRT?sku=MIN-SS9-MEN,500 INTERNAL_SERVER_ERROR
https://www.minted.com/personalize/fxg/json/MIN-XXH-SDA_W_FRT?sku=MIN-XXH-SDA,500 INTERNAL_SERVER_ERROR
https://www.minted.com/personalize/fxg/json/MIN-YYY-ENV_A7_FRT?sku=MIN-ZZB-GFS,500 INTERNAL_SERVER_ERROR
https://www.minted.com/personalize/fxg/json/MIN-YYY-ENV_A7_FRT?sku=MIN-FSG-IFS,500 INTERNAL_SERVER_ERROR
https://www.minted.com/personalize/fxg/json/MIN-XXL-SDA_R_FRT?sku=MIN-XXL-SDA,500 INTERNAL_SERVER_ERROR
https://www.minted.com/personalize/fxg/json/MIN-MBF-NBK_C_BKR?sku=MIN-MBF-NBK,500 INTERNAL_SERVER_ERROR
https://www.minted.com/personalize/fxg/json/MIN-ZP1-NBK_A_BKR?sku=MIN-ZP1-NBK,500 INTERNAL_SERVER_ERROR
https://www.minted.com/personalize/fxg/json/MIN-WWW-INT-LA2?sku=MIN-JJ8-TYF,500 INTERNAL_SERVER_ERROR
https://www.minted.com/personalize/fxg/json/MIN-YV7-WPR_B_FRT?sku=MIN-YV7-WPR,500 INTERNAL_SERVER_ERROR
https://www.minted.com/personalize/fxg/json/MIN-PY9-ENF_D_OPEN?sku=MIN-PY9-ENF,500 INTERNAL_SERVER_ERROR
https://www.minted.com/personalize/fxg/json/MIN-XXH-SDA_E_FRT?sku=MIN-XXH-SDA,500 INTERNAL_SERVER_ERROR
https://www.minted.com/personalize/fxg/json/MIN-ZRJ-NBK_A_FRT?sku=MIN-ZRJ-NBK,500 INTERNAL_SERVER_ERROR
https://www.minted.com/personalize/fxg/json/MIN-9J7-NBK_E_BKR?sku=MIN-9J7-NBK,500 INTERNAL_SERVER_ERROR
https://www.minted.com/personalize/fxg/json/MIN-YYY-ENV_A7_FRT?sku=MIN-MVQ-BYA,500 INTERNAL_SERVER_ERROR
https://www.minted.com/personalize/fxg/json/MIN-ZGX-PAR_B_LBL?sku=MIN-ZGX-PAR,500 INTERNAL_SERVER_ERROR
https://www.minted.com/personalize/fxg/json/MIN-093-CLD_C_2P?sku=MIN-093-CLD,500 INTERNAL_SERVER_ERROR
https://www.minted.com/personalize/fxg/json/MIN-MBF-NBK_B_BKR?sku=MIN-MBF-NBK,500 INTERNAL_SERVER_ERROR
https://www.minted.com/personalize/fxg/json/MIN-ZGX-PAR_B_BKR?sku=MIN-ZGX-PAR,500 INTERNAL_SERVER_ERROR
https://www.minted.com/personalize/fxg/json/MIN-YYY-ENV_A7_FRT?sku=MIN-PY9-ENF,500 INTERNAL_SERVER_ERROR
https://www.minted.com/personalize/fxg/json/MIN-YYY-ENV_A7_FRT?sku=MIN-ZR0-STD,500 INTERNAL_SERVER_ERROR
https://www.minted.com/personalize/fxg/json/MIN-YYY-ENV_A7_FRT?sku=MIN-Z9C-BSI,500 INTERNAL_SERVER_ERROR
https://www.minted.com/personalize/fxg/json/MIN-XXI-SDA_W_FRT?sku=MIN-XXI-SDA,500 INTERNAL_SERVER_ERROR
https://www.minted.com/personalize/fxg/json/MIN-PY9-ENF_A_FRT?sku=MIN-PY9-ENF,500 INTERNAL_SERVER_ERROR
https://www.minted.com/personalize/fxg/json/HLD-TEXT_ONLY_SM-INT-LA7?sku=MIN-W5Y-HNP,500 INTERNAL_SERVER_ERROR
https://www.minted.com/personalize/fxg/json/MIN-093-CLD_B_2P?sku=MIN-093-CLD,500 INTERNAL_SERVER_ERROR
https://www.minted.com/personalize/fxg/json/MIN-ZP1-NBK_C_FRT?sku=MIN-ZP1-NBK,500 INTERNAL_SERVER_ERROR
https://www.minted.com/personalize/fxg/json/MIN-PY9-ENF_A_OPEN?sku=MIN-PY9-ENF,500 INTERNAL_SERVER_ERROR
https://www.minted.com/personalize/fxg/json/MIN-9J7-NBK_F_FRT?sku=MIN-9J7-NBK,500 INTERNAL_SERVER_ERROR
https://www.minted.com/personalize/fxg/json/MIN-SS9-MEN_F_FRT?sku=MIN-SS9-MEN,500 INTERNAL_SERVER_ERROR
https://www.minted.com/personalize/fxg/json/MIN-XXH-SDA_X_FRT?sku=MIN-XXH-SDA,500 INTERNAL_SERVER_ERROR
https://www.minted.com/personalize/fxg/json/MIN-XXI-SDA_C_FRT?sku=MIN-XXI-SDA,500 INTERNAL_SERVER_ERROR
https://www.minted.com/personalize/fxg/json/MIN-XXI-SDA_Z_FRT?sku=MIN-XXI-SDA,500 INTERNAL_SERVER_ERROR
https://www.minted.com/personalize/fxg/json/MIN-XXL-SDA_Q_FRT?sku=MIN-XXL-SDA,500 INTERNAL_SERVER_ERROR
https://www.minted.com/personalize/fxg/json/MIN-YV7-WPR_C_FRT?sku=MIN-YV7-WPR,500 INTERNAL_SERVER_ERROR
https://www.minted.com/personalize/fxg/json/MIN-YYY-ENV_A7_FRT?sku=MIN-YU2-INV,500 INTERNAL_SERVER_ERROR
https://www.minted.com/personalize/fxg/json/MIN-ZGX-PAR_C_FRT?sku=MIN-ZGX-PAR,500 INTERNAL_SERVER_ERROR
https://www.minted.com/personalize/fxg/json/MIN-ZGX-PAR_C_OPEN?sku=MIN-ZGX-PAR,500 INTERNAL_SERVER_ERROR
https://www.minted.com/personalize/fxg/json/MIN-QE0-ENF_C_LIN?sku=MIN-PY9-ENF,500 INTERNAL_SERVER_ERROR
https://www.minted.com/personalize/fxg/json/MIN-035-HLE-LIN_A?sku=MIN-035-HLE,500 INTERNAL_SERVER_ERROR
https://www.minted.com/personalize/fxg/json/MIN-9J7-NBK_D_BKR?sku=MIN-9J7-NBK,500 INTERNAL_SERVER_ERROR
https://www.minted.com/personalize/fxg/json/MIN-YYY-ENV_A7_FRT?sku=MIN-2X0-HLE,500 INTERNAL_SERVER_ERROR
https://www.minted.com/personalize/fxg/json/MIN-XXI-SDA_E_FRT?sku=MIN-XXI-SDA,500 INTERNAL_SERVER_ERROR
https://www.minted.com/personalize/fxg/json/MIN-9J7-NBK_C_FRT?sku=MIN-9J7-NBK,500 INTERNAL_SERVER_ERROR
https://www.minted.com/personalize/fxg/json/MIN-YSG-MEN_C_FRT?sku=MIN-YSG-MEN,500 INTERNAL_SERVER_ERROR
https://www.minted.com/personalize/fxg/json/MIN-WB9-NBK_B_FRT?sku=MIN-WB9-NBK,500 INTERNAL_SERVER_ERROR
https://www.minted.com/personalize/fxg/json/MIN-XXI-SDA_D_FRT?sku=MIN-XXI-SDA,500 INTERNAL_SERVER_ERROR
https://www.minted.com/personalize/fxg/json/MIN-XXH-SDA_A_FRT?sku=MIN-XXH-SDA,500 INTERNAL_SERVER_ERROR
https://www.minted.com/personalize/fxg/json/MIN-WB9-NBK_C_FRT?sku=MIN-WB9-NBK,500 INTERNAL_SERVER_ERROR
https://www.minted.com/personalize/fxg/json/MIN-YV7-WPR_D_FRT?sku=MIN-YV7-WPR,500 INTERNAL_SERVER_ERROR
https://www.minted.com/personalize/fxg/json/MIN-ZGX-PAR_B_FRT?sku=MIN-ZGX-PAR,500 INTERNAL_SERVER_ERROR
https://www.minted.com/personalize/fxg/json/MIN-XT3-NBK_D_BKR?sku=MIN-XT3-NBK,500 INTERNAL_SERVER_ERROR
https://www.minted.com/personalize/fxg/json/MIN-9J7-NBK_C_BKR?sku=MIN-9J7-NBK,500 INTERNAL_SERVER_ERROR
https://www.minted.com/personalize/fxg/json/MIN-035-ANC_A_OPEN?sku=MIN-035-ANC,500 INTERNAL_SERVER_ERROR
https://www.minted.com/personalize/fxg/json/MIN-XXH-SDA_B_FRT?sku=MIN-XXH-SDA,500 INTERNAL_SERVER_ERROR
https://www.minted.com/personalize/fxg/json/MIN-WB9-NBK_A_FRT?sku=MIN-WB9-NBK,500 INTERNAL_SERVER_ERROR
https://www.minted.com/personalize/fxg/json/MIN-XXL-SDA_P_FRT?sku=MIN-XXL-SDA,500 INTERNAL_SERVER_ERROR
https://www.minted.com/personalize/fxg/json/MIN-QE0-ENF_A_LIN?sku=MIN-PY9-ENF,500 INTERNAL_SERVER_ERROR
https://www.minted.com/personalize/fxg/json/MIN-YYY-ENV_A2_FRT?sku=MIN-9AA-TYF,500 INTERNAL_SERVER_ERROR
https://www.minted.com/personalize/fxg/json/MIN-YYY-ENV_A7_FRT?sku=MIN-YYU-HNP,500 INTERNAL_SERVER_ERROR
https://www.minted.com/personalize/fxg/json/MIN-AJ2-BYA-LIN_D?sku=MIN-AJ2-BYA,500 INTERNAL_SERVER_ERROR
https://www.minted.com/personalize/fxg/json/MIN-045-CLD_C_3P?sku=MIN-045-CLD,500 INTERNAL_SERVER_ERROR
https://www.minted.com/personalize/fxg/json/MIN-ZRJ-NBK_A_BKR?sku=MIN-ZRJ-NBK,500 INTERNAL_SERVER_ERROR
https://www.minted.com/personalize/fxg/json/MIN-045-CLD_B_3P?sku=MIN-045-CLD,500 INTERNAL_SERVER_ERROR
https://www.minted.com/personalize/fxg/json/MIN-YYY-ENV_A7_FRT?sku=MIN-DYN-BSH,500 INTERNAL_SERVER_ERROR
https://www.minted.com/personalize/fxg/json/MIN-QE0-ENF_B_LIN?sku=MIN-PY9-ENF,500 INTERNAL_SERVER_ERROR
https://www.minted.com/personalize/fxg/json/MIN-9J7-NBK_D_FRT?sku=MIN-9J7-NBK,500 INTERNAL_SERVER_ERROR
https://www.minted.com/personalize/fxg/json/MIN-YSG-MEN_B_FRT?sku=MIN-YSG-MEN,500 INTERNAL_SERVER_ERROR
https://www.minted.com/personalize/fxg/json/MIN-AJ2-BYA-LIN_A?sku=MIN-AJ2-BYA,500 INTERNAL_SERVER_ERROR
https://www.minted.com/personalize/fxg/json/MIN-9J7-NBK_B_BKR?sku=MIN-9J7-NBK,500 INTERNAL_SERVER_ERROR
https://www.minted.com/personalize/fxg/json/MIN-XXI-SDA_Y_FRT?sku=MIN-XXI-SDA,500 INTERNAL_SERVER_ERROR
https://www.minted.com/personalize/fxg/json/HLD-2_PAGE_STORY-INT-LMC?sku=MIN-IR0-HFM,500 INTERNAL_SERVER_ERROR
https://www.minted.com/personalize/fxg/json/MIN-ZGX-PAR_A_FRT?sku=MIN-ZGX-PAR,500 INTERNAL_SERVER_ERROR
https://www.minted.com/personalize/fxg/json/MIN-045-CLD_A_3P?sku=MIN-045-CLD,500 INTERNAL_SERVER_ERROR
https://www.minted.com/personalize/fxg/json/MIN-045-CLD_D_3P?sku=MIN-045-CLD,500 INTERNAL_SERVER_ERROR
https://www.minted.com/personalize/fxg/json/MIN-YV7-WPR_E_FRT?sku=MIN-YV7-WPR,500 INTERNAL_SERVER_ERROR
